CMD,D,D,D,D,TLAST,TKEEP
DATA,0.18109432332578257,0.20203823714466157,2.8667886380123906,0.0006778165361375765,0,-1
DATA,0.36552217856314506,0.31977047962100213,1.4613705529356915,0.28799362297270703,0,-1
DATA,0.31037590771810286,0.3326263944375125,0.9292879209952805,0.5553827284853484,0,-1
DATA,0.38459600508046465,0.47979967059520684,1.0616448004657433,0.6913997786110724,0,-1
DATA,0.3202672456176846,0.7301290092307984,2.502173896173795,0.8458199401670459,0,-1
DATA,0.46955333046126474,0.7399487102227622,1.8909841612153717,0.9851491446470175,0,-1
DATA,0.5191504328215868,0.7355172301312213,2.206926646761591,1.0505257182022332,0,-1
DATA,0.6449012744602163,0.7971629981888745,1.0105472238975128,1.066364749520163,0,-1
DATA,0.7445154996568366,1.0784503751957613,3.05347835460392,0.9048129698677415,0,-1
DATA,0.719330373470648,0.9989145235854378,4.228217215258875,0.8505601831084049,0,-1
DATA,0.6593289528734394,1.1413736264635486,3.7324787248911697,0.6138438396992335,0,-1
DATA,1.0794989272725362,1.004677364426678,1.5136492093295306,0.3859887586844587,0,-1
DATA,0.8473333535760044,0.9981451396901188,3.359609859591875,0.19423531706795097,0,-1
DATA,1.1203536275480037,1.1114835308425106,2.1636959329630567,-0.10975254697495843,0,-1
DATA,1.2259202853993334,1.1670856777001568,0.5439583767306391,-0.3505691843408731,0,-1
DATA,1.2124438051304713,1.1845570842908542,1.3781908276407242,-0.5088821921851305,0,-1
DATA,0.863749474500001,0.9552479588994534,2.010431214139583,-0.7588702111579962,0,-1
DATA,1.0567558203319558,0.8579358135903667,2.725764649525102,-0.8557223740041368,0,-1
DATA,1.3804145229358622,0.9502773841579957,1.5441808260201282,-0.9418551782801844,0,-1
DATA,1.1842753068972087,0.7243064710430176,-0.263260269347654,-0.9662171497092867,0,-1
DATA,1.4305734065653732,0.7966517994121727,2.6471793626543367,-0.9147672507652309,0,-1
DATA,0.9847518518872616,0.6992451130351731,0.7853295638665145,-0.7456780948775392,0,-1
DATA,1.331331091770219,0.5176285730227961,-0.09052800188276267,-0.6315302887859795,0,-1
DATA,1.1960112944937924,0.3953843493919572,0.6879097199834477,-0.45281284681094264,0,-1
DATA,1.4884977711273204,0.19227642732873568,-0.8743332407542602,-0.2155010937405546,0,-1
DATA,1.470133548378139,0.04715953622922898,-0.6481895443807401,0.05424217071068542,0,-1
DATA,1.1742749902907077,0.015769305344920964,1.834489596582729,0.26932739362100455,0,-1
DATA,1.0039369092089192,-0.125520574723158,-0.26461414695024876,0.5571103380488138,0,-1
DATA,0.9996972660361501,-0.2575487356428935,1.2209184771009487,0.7538608327965444,0,-1
DATA,1.4426823046649808,-0.3137582389277015,0.43132557789146264,0.8904391153862442,0,-1
DATA,1.1757419246380518,-0.3551467249038657,0.19239082422194898,1.0211171481252788,0,-1
DATA,1.3180569023728328,-0.6872694594775286,0.4512642010512366,1.0316086084489973,0,-1
DATA,1.0431105449328415,-0.6544059856552953,3.052553085007073,1.0550151191402062,0,-1
DATA,1.2932803943350588,-0.8287334039281338,1.763658647258272,0.9097201871278963,0,-1
DATA,1.2359767573738212,-0.7443645323048499,0.17646441663760903,0.8334948223165862,0,-1
DATA,1.2761100134982737,-0.8305009509137133,3.401665114183991,0.6180928580024763,0,-1
DATA,0.9189475325533101,-0.8462160541173014,0.7688649066590698,0.38979529003894464,0,-1
DATA,1.0384372490384939,-0.9641024347684451,3.714367030109715,0.11934449275416721,0,-1
DATA,0.8038690417392262,-0.8010952500315677,3.3666037016153387,-0.07592726624016044,0,-1
DATA,0.8092252513347051,-0.8511425799071846,2.5478378638995673,-0.3379817220512549,0,-1
DATA,0.9883876171353725,-0.9197060342290364,3.6945681619086868,-0.5372530296851834,0,-1
DATA,0.7813720272904808,-0.7295367320020698,3.87214991032673,-0.6849627579874216,0,-1
DATA,0.5425371861370178,-0.8333137025838884,3.9458089749455736,-0.8493649852276548,0,-1
DATA,0.9067879101127615,-0.680950045774133,1.4724452469495197,-0.896794033729645,0,-1
DATA,0.7951330574961902,-0.5567416879019782,1.2080491517905,-0.9081951678982322,0,-1
DATA,0.5463142328057147,-0.36902343998858467,2.3336004912511146,-0.8884081044596013,0,-1
DATA,0.5119332190067348,-0.3492642389466082,2.394839553661488,-0.7938385989727027,0,-1
DATA,0.48361470342290325,-0.2637417983043988,1.9408028836176925,-0.5975633116714046,0,-1
DATA,0.46353544123031215,-0.1735977369549743,2.4942555372466044,-0.4267510414783774,0,-1
DATA,0.1884726739695615,-0.061595267027825876,0.3878737715384317,-0.21746515259065366,0,-1
DATA,0.18821966516132363,0.05595299898582482,2.1482168803407946,0.02165873111780322,0,-1
DATA,0.23584626116411028,0.2232819064699759,2.5162777434501535,0.33761287724225664,0,-1
DATA,0.28077737321828045,0.2557683226945497,2.88548171202465,0.5585517393376911,0,-1
DATA,-0.05226514308575944,0.4061825385532173,2.3780853345975204,0.7914688017991702,0,-1
DATA,-0.03626971501539039,0.5730079942045592,0.5596759880856816,0.9456275468974868,0,-1
DATA,-0.03741142058693098,0.6844178151764857,-0.19421830391239647,1.0447507803716567,0,-1
DATA,-0.3651652744661618,0.9252503947030826,0.9005670321578377,1.0974442469804382,0,-1
DATA,-0.1606680898756494,0.8296366498832755,2.353537642628196,1.0141288223994311,0,-1
DATA,-0.2179542787055802,0.8566331117470252,-0.6488681118594133,0.9531217857579058,0,-1
DATA,-0.07738129564606372,1.1069835154593546,0.47224173805361924,0.7936296146694459,0,-1
DATA,-0.15460872544704451,1.1587512757244567,-0.8255104700162766,0.6039254837480582,0,-1
DATA,-0.17310742079293995,1.022402188443133,0.1861826114109416,0.45290382294601766,0,-1
DATA,-0.576852847793994,1.044055137581812,1.146456090913923,0.15980496392516635,0,-1
DATA,-0.250341793638165,1.0634482232828695,-0.5272211995970824,-0.11945898930318716,0,-1
DATA,-0.423706673411745,1.0234040753825597,2.5560189232246464,-0.31300186089958554,0,-1
DATA,-0.3404178077458071,0.9573659195238859,2.4535224715612594,-0.5658509453183027,0,-1
DATA,-0.5089056985223741,0.9080483195166263,1.301423063080986,-0.7120813040438241,0,-1
DATA,-0.8525394897416346,1.0101246538231963,3.0831562830609376,-0.8338763386874312,0,-1
DATA,-0.7411873543066758,0.8853411960737327,2.3240709343267323,-0.942532389748589,0,-1
DATA,-0.911913040121644,0.7480544962413567,1.581584408236906,-0.8997928445328995,0,-1
DATA,-0.7212565639927655,0.5910966174882757,3.0077899927328366,-0.892805190793213,0,-1
DATA,-0.49401775161185907,0.5344660772487442,2.6807639851026224,-0.8110015572190176,0,-1
DATA,-0.7832610766070365,0.6026089021727299,3.088658548592247,-0.5869617737190556,0,-1
DATA,-0.934145227537935,0.4055512107539142,2.193140505673056,-0.4160503622909026,0,-1
DATA,-0.5370459139399362,0.15280133946879865,3.9898411558255664,-0.1871879863615694,0,-1
DATA,-0.9950405107357791,0.10086288075028894,3.85031341749018,0.08575063492859705,0,-1
DATA,-0.7900142219596364,-0.008355865381366706,1.1888208086481378,0.30452664765397974,0,-1
DATA,-0.7733078282372697,-0.0781964047246381,1.4509319758240724,0.5180367145055177,0,-1
DATA,-0.553846969456349,-0.15554348176214994,3.929865732465198,0.7531643344110577,0,-1
DATA,-0.49571297051901597,-0.33172485008283603,0.862915742108099,0.8855153553804661,0,-1
DATA,-0.7875773468706311,-0.5898967656424403,3.790666864626734,1.016674025108774,0,-1
DATA,-0.5838854427888193,-0.5264601923368952,3.1018869027245617,1.0510270953147558,0,-1
DATA,-0.461958232527961,-0.5827413619762959,1.4133779731302112,1.03515737361047,0,-1
DATA,-0.6466396801201303,-0.7572863309353134,3.254348834995857,0.9008192798710171,0,-1
DATA,-0.6215436179609632,-0.7489353951544446,1.155474515067186,0.8334806941435957,0,-1
DATA,-0.39880659907472416,-0.9467116129723483,1.0875618101104862,0.6354101649934442,0,-1
DATA,-0.5876052546868002,-0.742515541758327,0.9022174307872092,0.3899306337123366,0,-1
DATA,-0.5898790945254746,-0.9535338045975081,2.2212711894527937,0.1348634057014773,0,-1
DATA,-0.550561341498886,-0.767730302649884,1.3297305318114714,-0.11637908096370697,0,-1
DATA,-0.17397136042024702,-0.9257333280403919,1.1245750093838514,-0.3173749902984866,0,-1
DATA,-0.5389518978542489,-0.8887930269611806,-0.6327413983531163,-0.5340056861633972,0,-1
DATA,-0.4558932404867568,-0.8379938234039681,1.4136937125175415,-0.7814846913909387,0,-1
DATA,-0.11333883644323783,-0.8071994970949116,1.0196217565602312,-0.8520587798033511,0,-1
DATA,-0.3679159820510861,-0.740963402961565,1.0886067805601574,-0.9742307535531013,0,-1
DATA,-0.3381796401823633,-0.6071874741989167,0.08390792793656332,-0.9588241404441047,0,-1
DATA,-0.2780608789499568,-0.4704191728976649,1.6077362240875677,-0.9039654486413802,0,-1
DATA,0.0638767092934005,-0.26692293229101965,1.6011114401730941,-0.8059804205150993,0,-1
DATA,0.13996607124551175,-0.3351872496100053,1.7992029336854394,-0.5779371191768196,0,-1
DATA,0.03982477965517851,-0.1494427254161271,0.008657040149228745,-0.4086232247034504,0,-1
DATA,0.3352590770265933,-0.018654485944589155,0.056044980867576116,-0.21857468588448048,0,-1
DATA,0.2605300453530264,0.17076520072312695,1.8539663956998231,0.11720381126810485,0,-1
DATA,0.11858497190567234,0.23233582375922188,2.841258964926639,0.3180067052260893,0,-1
DATA,0.5844583492512614,0.3419816420873313,0.6820481731544914,0.5071931846389192,0,-1
DATA,0.35116720994983847,0.6256134747511971,1.6976184211482224,0.7083278497979876,0,-1
DATA,0.7430745257695381,0.6363365355202172,1.596396680090841,0.8752460112890902,0,-1
DATA,0.7173255499042714,0.8046629255762122,3.0386800501650577,1.0055724603133283,0,-1
DATA,0.644281427535141,0.7277336195798353,2.849360810960374,1.0663732832132562,0,-1
DATA,0.4331807219829359,0.8853433431394029,2.315362170614408,1.0485686876583953,0,-1
DATA,0.5379641076505208,1.0649279848287527,1.8681605590404562,0.9395399433240181,0,-1
DATA,0.8632412167352801,1.0971306898200242,2.307747134315834,0.7936941579711921,0,-1
DATA,0.8915574658886747,1.1937636582695974,3.917547158517205,0.5685554777230426,0,-1
DATA,0.8606947686472337,1.1234295040369258,3.230975356848565,0.4126183331682637,0,-1
DATA,1.159935057564176,1.2049699399459728,1.1455754019118434,0.11188350701153345,0,-1
DATA,0.9013226165525943,1.229410031997558,0.9891071840500723,-0.06472288348973985,0,-1
DATA,1.2432436004153007,1.0145780380173741,3.4253027260622484,-0.31019268599275346,0,-1
DATA,1.2514542279146985,1.0848016949421038,2.9040654941759936,-0.5526472547451534,0,-1
DATA,1.1490269934905013,1.108775906857436,3.356839351004973,-0.6924879021561667,0,-1
DATA,1.058486628649569,0.953469419169162,2.2426740570407073,-0.8636778548006747,0,-1
DATA,1.3022833091971155,0.7633002615962321,2.944483293183752,-0.9544624589762323,0,-1
DATA,1.1032169712945148,0.8906599753405788,1.5131401998244276,-0.9013991142246021,0,-1
DATA,0.9763918691520407,0.6242151224939859,2.0461834829324177,-0.8590990597105703,0,-1
DATA,1.3494604020000216,0.712453224707469,1.6308080893475556,-0.751724731546253,0,-1
DATA,1.2602242304026188,0.4991911102163693,2.4724085429402076,-0.6353983814720707,0,-1
DATA,1.4274212801127544,0.403679553655091,-0.9182990135414025,-0.4246008093152657,0,-1
DATA,1.019125973268345,0.3436715882308935,-0.16407319301733836,-0.2154313387826814,0,-1
DATA,1.0239046500659286,0.09680531001447258,0.07962776183809372,0.12606566603280903,0,-1
DATA,1.253087674757104,-0.08254989567095733,-0.14858399010000212,0.31353044681447845,0,-1
DATA,1.3812846300768489,-0.05074310351928654,-0.8941867744805375,0.5903248438685645,0,-1
DATA,1.463369703585432,-0.13633473342166774,0.314432198558379,0.7135142563731883,0,-1
DATA,1.1044372237094213,-0.328025408669561,0.7918563045643959,0.8707838223133049,0,-1
DATA,1.3424091987912141,-0.4329360746131412,2.187852349430613,0.9848235466452174,0,-1
DATA,1.0722664833118467,-0.5660573025959047,-0.2616132920238182,1.0723325068446978,0,-1
DATA,0.9942310914067722,-0.7603464445907082,3.0622829369750924,1.0644981605768935,0,-1
DATA,0.9857800634110099,-0.7400410872681242,1.3556850277254942,0.9800847934742464,0,-1
DATA,1.1206158984806394,-0.8333061224479661,1.0227050306607395,0.8127744682019263,0,-1
DATA,1.2494810744194356,-0.9464597361191346,0.6110812989695861,0.625367931176486,0,-1
DATA,0.8712204051905161,-0.9611549434276545,2.608773355314216,0.3653455472208521,0,-1
DATA,0.9354327387836436,-0.8460392373880533,1.456795402407861,0.1444622801731018,0,-1
DATA,1.1675224840185017,-0.9609433129701972,2.727697013889093,-0.13327824896222643,0,-1
DATA,0.8466381358202226,-0.7293916119458302,1.2077695045680399,-0.38998315889405943,0,-1
DATA,0.7641614341258087,-0.7707589771973108,3.8376283079133064,-0.5602826728513566,0,-1
DATA,0.9978109161528885,-0.8094424972512368,2.251775089454936,-0.7151378247448775,0,-1
DATA,0.5523288861674116,-0.7528827013382469,1.9808361758597655,-0.9135076097839575,0,-1
DATA,0.8755728560080647,-0.7523070549118845,3.763122520964108,-0.8967160685356798,0,-1
DATA,0.7330525514143154,-0.5132966346904979,1.2226449725479018,-0.9604095714483523,0,-1
DATA,0.5267373094636068,-0.3324779682783451,1.1956734441022459,-0.8866228805926902,0,-1
DATA,0.6720766097109976,-0.35375030209378017,1.6063019389796396,-0.8150697789399085,0,-1
DATA,0.3496908271058818,-0.2978108843848186,0.6064624176015045,-0.6516935123590064,0,-1
DATA,0.4843208076351833,-0.0899637133185382,0.6757598403598168,-0.4241126122367976,0,-1
DATA,0.4782102840939899,-0.026873333120290555,2.9238817940796307,-0.13001935321569819,0,-1
DATA,0.2615646916671901,0.09948918932294662,3.2878620981763755,0.06839342133420576,0,-1
DATA,0.001521259907071304,0.3768124558254464,1.12904388060217,0.3628570659164729,0,-1
DATA,0.25894290364909023,0.4613711104156645,1.2382710740348652,0.5730010661646082,0,-1
DATA,0.14350671175966515,0.5410950739211533,0.3870538955336873,0.7628902038312785,0,-1
DATA,-0.059786713167612915,0.5994209510758242,2.6139575640765336,0.9384962157149179,0,-1
DATA,0.11178238702756216,0.6263693222544021,0.3047318066206115,1.0036194282444684,0,-1
DATA,-0.2619875069320568,0.8385941487452655,-0.7129265115386412,1.0600704284443347,0,-1
DATA,-0.12007306512153704,0.8114699106786186,1.5805088552645907,1.0651295413526936,0,-1
DATA,-0.2212249543637823,0.9086749597100616,1.7413155060003078,0.891618377803328,0,-1
DATA,-0.47413951083953615,1.0421973558255362,-0.017526488726889,0.8350053396507198,0,-1
DATA,-0.4928829472091336,1.1468920280858261,-0.6078844800301547,0.595181901321762,0,-1
DATA,-0.6086060280081524,1.0154521506379628,2.2167636990331636,0.3530555722215524,0,-1
DATA,-0.6779506299381515,1.0691176346337157,0.6923630660931329,0.12523154453026925,0,-1
DATA,-0.40775123766880705,1.1273492691967326,0.6050504957363825,-0.12039234759821174,0,-1
DATA,-0.5842168891424506,1.123156820309457,-0.3689649601647216,-0.3444604244084762,0,-1
DATA,-0.6641062597868506,1.1045993080610386,2.569833706491562,-0.602139755978302,0,-1
DATA,-0.48632925714429787,0.9188480798849943,1.557702303275147,-0.718411349276278,0,-1
DATA,-0.4611766371104655,1.0283923587607808,3.3124147525642607,-0.8693531850029356,0,-1
DATA,-0.5101242558029624,0.7605433668468473,3.0804222490771513,-0.9729298508494044,0,-1
DATA,-0.9294663563621601,0.8104801216196517,2.4203231191701646,-0.9943740475108708,0,-1
DATA,-0.91720274840117,0.7887582343486478,2.975387407459309,-0.8471647314540287,0,-1
DATA,-0.8274016876084542,0.5558024815026326,2.4544437289457437,-0.7487288328451891,0,-1
DATA,-0.8666946761925175,0.37479490616206,3.986247852152095,-0.5861474742061004,0,-1
DATA,-0.7141447647951087,0.24194887782208227,1.92848120193589,-0.4136572055423948,0,-1
DATA,-0.6614676744001617,0.13224630998769188,1.4050364470246228,-0.18890368505148253,0,-1
DATA,-0.9258394573297166,0.16118934702967494,1.000533660296002,0.10578697746148044,0,-1
DATA,-0.9488826800137469,-0.11235086772214817,3.2588691920038486,0.333179983563319,0,-1
DATA,-0.9044067414787657,-0.08331083408703416,2.4913417800006488,0.5990656882650558,0,-1
DATA,-0.8121475756895884,-0.26116700020215305,2.039949343420482,0.7486111742655506,0,-1
DATA,-0.9442132736105384,-0.3101528006750619,3.3448468622976737,0.9635914141514246,0,-1
DATA,-0.5922354543544883,-0.5060525045757408,1.0852493631904165,1.0548582755864033,0,-1
DATA,-0.4650044954908788,-0.6755650351963471,1.4837069322207708,1.0313845192392337,0,-1
DATA,-0.7368116986120141,-0.5711724167912474,2.7516362000471277,0.9749659241946985,0,-1
DATA,-0.4126304414730139,-0.6912097876922947,0.9251865510314389,0.9796977998549488,0,-1
DATA,-0.3630977672917105,-0.913940834611646,2.200711399070544,0.7966982960474407,0,-1
DATA,-0.7894147342138467,-0.7450793382652378,0.7272017648159472,0.5853854351072324,0,-1
DATA,-0.3993027509321254,-0.7450909891722781,0.7631144260302086,0.32741500674183444,0,-1
DATA,-0.3346608470426636,-0.7614998000658058,0.6243023193177912,0.1608529039937744,0,-1
DATA,-0.45005669563898365,-0.9063317481207052,0.46150893900295176,-0.15084786015224771,0,-1
DATA,-0.39617088322483895,-0.8724035300188586,2.1876843776247696,-0.3501694773874623,0,-1
DATA,-0.14627198536815061,-0.765472459496958,-0.05219715168672423,-0.5687753579374949,0,-1
DATA,-0.43184356194461876,-0.8054936550982915,-0.748332235269534,-0.7460772939303089,0,-1
DATA,-0.23414704825906701,-0.5821071622151479,1.8561546703169878,-0.8754928262268531,0,-1
DATA,-0.29562659979351735,-0.7087791210714945,1.0142250717068602,-0.9426922326085715,0,-1
DATA,0.09449744904817314,-0.42434001083602135,1.7438120610847865,-0.9650932182396341,0,-1
DATA,0.19074973008922064,-0.31874854287520327,0.705142760348658,-0.8852071193531016,0,-1
DATA,-0.18010998135742143,-0.31870736858116977,0.36372839741237994,-0.7276501240626799,0,-1
DATA,0.1342342805724539,-0.1044425343150728,1.8025767830433415,-0.6286516027047415,0,-1
DATA,0.10241804886010597,-0.002618543480577412,0.40344934539667066,-0.36882442214138783,0,-1
DATA,0.43404021500900514,0.11094632745892655,1.6981392927821888,-0.1570009035305442,0,-1
DATA,0.060198632567417164,0.08630661165112487,0.7568851833658572,0.06664362025048895,0,-1
DATA,0.23625605600769956,0.3004190974831897,0.8157970370852732,0.3265204672875631,0,-1
DATA,0.2793641476350855,0.4357023712958423,2.185317435058765,0.6212081853720834,0,-1
DATA,0.49594866374842284,0.5230596141914867,3.710072415243962,0.7884476637472378,0,-1
DATA,0.6362293031469443,0.6205849554492648,2.739778708395738,0.952917785533221,0,-1
DATA,0.46394679482052825,0.6663546756759573,1.7144373051831776,0.9940556096517139,0,-1
DATA,0.8062513386499217,0.9137196323039309,1.4352513284561224,1.0420855487561127,0,-1
DATA,0.6793934560290897,0.9781052567324406,3.4128817640006393,1.0595908310876774,0,-1
DATA,0.7644049070249287,1.0007749959647123,2.5997887322683653,0.9810181537771662,0,-1
DATA,0.8271438908632217,1.087714701730417,3.8216321378744134,0.8060580002116225,0,-1
DATA,0.8494826060054329,0.9858877249262351,2.350986772648336,0.6197000855872568,0,-1
DATA,1.070009661232304,0.9910700245309845,1.7247524887945938,0.4089847504222952,0,-1
DATA,1.0261955652841985,1.1584733790135266,1.0586021889748423,0.10605377106084583,0,-1
DATA,1.1867735384507423,1.2238619286839738,0.8010475713141525,-0.13573878592119792,0,-1
DATA,1.1400815269137528,1.1924277738223021,3.607013981757633,-0.41662312183414196,0,-1
DATA,1.2099461304622001,0.9426229263002415,2.3832120035725355,-0.609170318449323,0,-1
DATA,0.8712359647323406,0.9497189339426166,0.5278845041891351,-0.7616202332640835,0,-1
DATA,1.2983520018028258,0.9740799081601788,1.4528089706520542,-0.8371037484553124,0,-1
DATA,1.32303251455311,0.9767411349937695,2.5751945404096666,-0.9044005616609163,0,-1
DATA,1.1937897820360779,0.8263679135993596,-0.4474439895550867,-0.9646005808600483,0,-1
DATA,1.4512322237373974,0.81249920938895,2.2542540536515814,-0.8446927291313824,0,-1
DATA,1.0137226485156883,0.6041909800090495,-0.4730952690350715,-0.8033900012307479,0,-1
DATA,1.2291757473438727,0.5003894454017381,2.0408113934224126,-0.6341641922908483,0,-1
DATA,1.1051620904115826,0.4685499654636298,2.0233648368641606,-0.37932207071455565,0,-1
DATA,1.3629433922676606,0.17658541934687683,-0.677083878333941,-0.12694437554701526,0,-1
DATA,1.4353615357888652,0.09890172206807268,0.6633840307809566,0.13709297083755026,0,-1
DATA,1.1454997130025586,-0.04223284889107867,1.246793395121935,0.3411330390252455,0,-1
DATA,1.0298068619491585,-0.06458986984504808,1.3963996956434515,0.6036894979755221,0,-1
DATA,1.269480345294684,-0.32587990697562974,2.231323812460056,0.7389449468680314,0,-1
DATA,1.384204573833955,-0.47928981038816953,1.274709426353078,0.949845557317875,0,-1
DATA,1.37889132933615,-0.49490736284048686,-0.1521341072486499,1.0073745180721474,0,-1
DATA,1.1091596078405508,-0.5367628332498461,-0.21727951477713617,1.0310848510700337,0,-1
DATA,1.2726756379005268,-0.5998261580996653,0.854561253480917,1.067135636790191,0,-1
DATA,1.3603917085732435,-0.7845874637710725,2.1157083215870713,0.9544321343341862,0,-1
DATA,0.993490856651607,-0.7817677804253143,0.2145525401703689,0.76044298997683,0,-1
DATA,0.9379726359339611,-0.8544617935739995,1.3242069392418299,0.6143334965134462,0,-1
DATA,1.0129922512242677,-0.8916142042143298,1.8490673984206083,0.3942265946403293,0,-1
DATA,0.9016379203508373,-0.9049415389372977,0.8751832687257111,0.1287362183566762,0,-1
DATA,1.1096160975225602,-0.9071364607684935,0.8463774554867736,-0.11933887528539297,0,-1
DATA,1.1235108675813044,-0.8021923877234841,2.592802343744018,-0.37137209385122566,0,-1
DATA,0.934538497450961,-0.7693544125058029,4.16396551062884,-0.587490959608384,0,-1
DATA,0.6844155189039135,-0.667046926695504,3.856971400813953,-0.7596849290558982,0,-1
DATA,0.7986453777693396,-0.6207985893692877,3.8148047964495926,-0.9172939809681122,0,-1
DATA,0.8843596371203641,-0.6978765249129943,1.1937931437531701,-0.8973871472190884,0,-1
DATA,0.5553701471280238,-0.4879792563163615,3.2192817632517983,-0.9460832216761792,0,-1
DATA,0.40624273211933176,-0.42681650253212633,3.986625892675151,-0.8483716623491302,0,-1
DATA,0.4751203222139901,-0.2497923443693333,1.3868241816820805,-0.7581794317684116,0,-1
DATA,0.4881225666252487,-0.28482254889057956,1.898645043212292,-0.5807402685944263,0,-1
DATA,0.5077357663965731,-0.014250108531541045,3.5366202784452403,-0.3930670486671984,0,-1
DATA,0.3064050324587871,-0.05645941215353488,2.3232933340570576,-0.12484863950045696,0,-1
DATA,0.14367128696431575,0.2661118176344984,1.5131678469326069,0.14990068950782537,0,-1
DATA,-0.0709443283168956,0.19648237094761203,1.657857145409368,0.36691974506963265,0,-1
DATA,0.22286099058783357,0.4977622155213911,1.2459762999113078,0.5846639154445715,0,-1
DATA,-0.10996723585741819,0.5188443639133866,0.47936115397128476,0.8024369810554162,0,-1
DATA,0.05349841228885166,0.5527865831148544,1.1964331996397157,0.9730481917912217,0,-1
DATA,0.03301287692744731,0.7777218785529459,0.1841122923353371,1.0169178307278723,0,-1
DATA,-0.12016555919268773,0.9343132232330851,0.036387053472067055,1.0046934181973426,0,-1
DATA,-0.38241261014074057,0.953259126656165,1.4213968910911323,1.046628303207082,0,-1
DATA,-0.18511607350576825,0.9518744973245263,1.1297205744193535,0.9253385749922449,0,-1
DATA,-0.18686282615200023,0.987583865950056,-0.15100970658269375,0.7365106865065479,0,-1
DATA,-0.35234432738732413,1.080565315471918,-0.6592115611717746,0.5748144849013853,0,-1
DATA,-0.34047528931026844,1.2025674257506895,1.3663001740884635,0.31673445470441036,0,-1
DATA,-0.38666646361097196,1.2285927702439128,1.8059328638150776,0.12336729683414568,0,-1
DATA,-0.34029791558659384,1.1850530855323997,1.7395153262305016,-0.1365550967192896,0,-1
DATA,-0.42417830805711454,1.1482458868312713,0.5374535706415511,-0.36771899817291026,0,-1
DATA,-0.7804805135782451,0.9643534247916776,-0.18204270575512208,-0.6063275436140606,0,-1
DATA,-0.6754243622112215,1.0302307833326858,0.37631548828640865,-0.7413099579422006,0,-1
DATA,-0.579076176033018,1.0379745916099932,1.4018607017913602,-0.870883083345347,0,-1
DATA,-0.7373506849338922,0.9550488135082363,2.9494307555063894,-0.928156453343884,0,-1
DATA,-0.6503848124532983,0.7098486419441896,0.4810937048039955,-0.9715036613105701,0,-1
DATA,-0.7798560727743002,0.7488895900370731,2.6760415835382405,-0.8635429520474259,0,-1
DATA,-0.49847262505115936,0.5816452142719574,1.049110612726322,-0.7206205134186351,0,-1
DATA,-0.6174503682737866,0.4392760176632795,1.8376599420762028,-0.604554346859594,0,-1
DATA,-0.7556074082534388,0.37685674730436525,3.1658892066086746,-0.3690526105240285,0,-1
DATA,-0.8912005903466289,0.31172235524068115,1.9090480881855734,-0.16489840557134594,0,-1
DATA,-0.7487173148024205,0.05372935980039077,1.4844660454368284,0.13907582536828744,0,-1
DATA,-0.9142479667318295,0.08638693686228632,1.643595009794017,0.3362447924148718,0,-1
DATA,-0.765848118834603,-0.17403078727932092,1.3296412490591356,0.6287366935629058,0,-1
DATA,-0.624547125716985,-0.3343878838886116,1.1791024102125824,0.7698387402006543,0,-1
DATA,-0.6809001245419135,-0.37931012563641103,1.9788597698116248,0.9280380705852944,0,-1
DATA,-0.730486284761992,-0.5645472645158244,2.1329478265651916,0.9940848381347552,0,-1
DATA,-0.642114579624401,-0.6367282661120138,3.1048721141176223,1.0325978845968733,0,-1
DATA,-0.6439782124179569,-0.7138519600307055,3.3945867180723734,1.0402230212092092,0,-1
DATA,-0.4064577859676609,-0.7411441139173444,1.2056377720418048,0.8997221650792149,0,-1
DATA,-0.7904928402268087,-0.7044907816979743,0.8755338220925646,0.7490019961428429,0,-1
DATA,-0.7193911977028212,-0.9412114838396437,2.572282603777429,0.6151777025403762,0,-1
DATA,-0.39516199379335526,-0.9442536242942032,0.006437684225071183,0.32811203384607623,0,-1
DATA,-0.6368130053232537,-0.7910888695945147,1.4219896538080203,0.09118205787880854,0,-1
DATA,-0.18036154451564557,-0.9445994151282133,-0.14211481481735322,-0.1368414732035763,0,-1
DATA,-0.3630349438559491,-0.7861717647426814,0.12268677315018783,-0.3637948237125542,0,-1
DATA,-0.10513432370900427,-0.9256442125009531,1.733100033639084,-0.6038480157046933,0,-1
DATA,-0.3314810384109735,-0.7254687412650025,-0.6330718249469431,-0.8071332903430035,0,-1
DATA,-0.16773403157658223,-0.650361980289266,1.9093960965087549,-0.9149350287533474,0,-1
DATA,-0.14540490012709295,-0.5988139714844085,2.100036572525931,-0.9306245144986208,0,-1
DATA,-0.2074640605928656,-0.6464733053177386,0.004409610214822113,-0.937616934541601,0,-1
DATA,0.14009079100904626,-0.4057465743592328,1.7741739765776212,-0.8258236817328827,0,-1
DATA,0.13753701437424198,-0.24413617148598638,-0.08988976960038442,-0.7668362894884311,0,-1
DATA,-0.05302356996834959,-0.1620689566882203,2.417298793682639,-0.5635301851284281,0,-1
DATA,0.3169176633770754,-0.20109205222396004,2.279616078917649,-0.39978953175361437,0,-1
DATA,0.25027617043300904,-0.06480401575188285,-0.02689668573083724,-0.12443434425909598,0,-1
DATA,0.1664750013224447,0.1390283939374729,3.2412948763311205,0.08396615154733524,0,-1
DATA,0.5215840152369325,0.25376014361770116,1.467616482381866,0.3952352818080937,0,-1
DATA,0.5357550564395521,0.45246945265714655,2.6468534896040357,0.5928442782840103,0,-1
DATA,0.42699606991609584,0.4121702566037585,0.6546173521128722,0.7933711866448765,0,-1
DATA,0.39140690569701,0.6444292759872388,3.7042398561464673,0.9705070600816251,0,-1
DATA,0.5276854402854584,0.6239411981564958,2.323283138814398,0.9906084078071283,0,-1
DATA,0.5500328244886346,0.7357231466036548,1.2150052474014537,1.0777331478988894,0,-1
DATA,0.5040469384932864,0.8436476491467411,3.750133658736072,1.0238530809815172,0,-1
DATA,0.8099076106189247,1.0983586603369904,1.6234097041706332,0.9257231680526873,0,-1
DATA,0.8995479244180844,0.9946214654292808,3.854878739629817,0.7840214879505555,0,-1
DATA,0.7323166646631607,1.0233256106631712,1.7765402631581093,0.6095351939309381,0,-1
DATA,1.1511294702196988,1.0893047339320665,1.8011583483602118,0.30591459880560296,0,-1
DATA,1.0954337635097382,1.1403368461452734,3.9184101205029154,0.14651061221864867,0,-1
DATA,1.0318928635977715,1.0867323319723534,2.6543130680253904,-0.18991292982866298,0,-1
DATA,1.116596007995857,1.0527276396395011,1.4099058842592636,-0.3920624105718515,0,-1
DATA,1.315921152953857,1.1724030399919778,1.321475351582814,-0.6489559992158551,0,-1
DATA,0.9529850888144262,0.9874584672732812,3.060621067976275,-0.7514094616474144,0,-1
DATA,0.9350933547012825,1.0125490435706384,2.4187311412688595,-0.8573580990532961,0,-1
DATA,1.1000047536447737,0.7497532162063634,2.0277732201425493,-0.9122537150284594,0,-1
DATA,1.3226504974428983,0.8375920211435403,1.4809280610772386,-0.9220068876316124,0,-1
DATA,1.4146453778152117,0.6407872362929556,-0.29912800289632047,-0.8797462729103066,0,-1
DATA,1.0534829625828364,0.4876534748641782,1.6589463219322962,-0.7056959512641454,0,-1
DATA,1.2289545179687957,0.5359941319069474,1.6212013678255928,-0.5442942843536879,0,-1
DATA,1.3626540022255245,0.3502986936987933,0.7366796883418452,-0.3520728690848526,0,-1
DATA,1.020487269141579,0.10900915793321744,0.30176091663125093,-0.14645634831881257,0,-1
DATA,1.23942108706714,-0.004779875377719886,-0.29658952321760335,0.16129860141808813,0,-1
DATA,1.4560903433168775,0.0010184361106992113,0.5768961946404443,0.40582364241904567,0,-1
DATA,1.1111914292160425,-0.22557793979360738,1.4032166087238156,0.5908979054893229,0,-1
DATA,1.2522698471911236,-0.2624259261956186,0.11420366957189299,0.7967351860452805,0,-1
DATA,1.3117977116367154,-0.4540060514251393,1.379868728005056,0.9663144006576598,0,-1
DATA,1.4207426097946754,-0.6103103975505745,0.20482079817617704,1.0317053686687359,0,-1
DATA,1.2584962410329477,-0.6756621578995372,2.4873557275489295,1.020732522847562,0,-1
DATA,1.2626504611570157,-0.6415170256428245,0.5591565538499199,1.0471807519645975,0,-1
DATA,1.2645107315436885,-0.7760489398388308,0.21724607532071216,0.8991044622721864,0,-1
DATA,0.946154928639493,-0.7270593448630127,2.9796243090413865,0.7482896586969354,0,-1
DATA,1.1874015234759605,-0.8417868850842009,1.2515918814480456,0.6165125245291319,0,-1
DATA,0.8392330892259614,-0.8969373720033349,3.169243947492082,0.3664585891205874,0,-1
DATA,0.7661635288908841,-0.8325270812143623,1.75548908737054,0.06155522873411111,0,-1
DATA,1.1603856759976285,-0.9695024051270208,2.2266452884800483,-0.10959339837498959,0,-1
DATA,1.0869493172015863,-0.7906242487156048,3.302286076789974,-0.3655141565720695,0,-1
DATA,0.613447264965419,-0.7017481687850551,4.057180310093071,-0.5781509237955477,0,-1
DATA,0.8961833621093047,-0.7282096585569964,1.4041797306960988,-0.7500961040628162,0,-1
DATA,0.5262354925163681,-0.7976946261062762,3.077044896656051,-0.9345142980321657,0,-1
DATA,0.4380931762989604,-0.7313143588444386,2.332940133993679,-0.9165647713807072,0,-1
DATA,0.596356794815799,-0.595117954156349,1.0088620132782706,-0.9625147928098368,0,-1
DATA,0.36402698182008064,-0.49489797511247113,3.739203434420263,-0.8689638824040467,0,-1
DATA,0.47586302880942294,-0.23896870048348628,2.498130367432041,-0.6962250646581364,0,-1
DATA,0.4656929591283535,-0.24007440052003393,2.8895214260573345,-0.6013356596581273,0,-1
DATA,0.28999593984245653,-0.021020735393121326,2.458325261743234,-0.3321157589627972,0,-1
DATA,0.4950654615632821,-0.029676430890981237,0.29577529772780176,-0.14949677314449583,0,-1
DATA,0.18909192464505115,0.17328378335322975,2.1635346088499605,0.09139650171957008,0,-1
DATA,0.26487978791463984,0.18196953053458578,0.10985075192973459,0.4076098331588133,0,-1
DATA,-0.07021858025536165,0.33880623500862,2.5603086622911366,0.6073629341882452,0,-1
DATA,-0.04038360842862851,0.49973710928912196,2.5763278808245804,0.7558490606795208,0,-1
DATA,-0.2504990173411983,0.5508481889465897,0.5052002687142109,0.8890419731890786,0,-1
DATA,-0.30201820300742466,0.8577279558468636,-0.6617369052259192,1.0357422148977533,0,-1
DATA,-0.004452818850843088,0.8584943833286073,-0.32180430656597747,1.0505903413588609,0,-1
DATA,0.04083857417082992,0.9537302407683271,1.2187896379398935,0.9839938610322768,0,-1
DATA,-0.029328771269923393,1.0474737993321561,-0.16602629523670254,0.9047844004756941,0,-1
DATA,-0.5312599695620898,0.9869442557989383,1.3686733080619853,0.7222384014809963,0,-1
DATA,-0.20183376747695575,1.1689795250077613,-0.15144331189282867,0.5181976745442818,0,-1
DATA,-0.5954260636347654,1.0402240659814606,2.4332120196142957,0.29079153059006346,0,-1
DATA,-0.3482680246005362,1.05437957292778,2.083001445038404,0.1023653224182953,0,-1
DATA,-0.6117713921977159,1.1626052585166602,-0.2475492232959169,-0.1683105704065313,0,-1
DATA,-0.5738022818266145,1.0768574520497245,1.9311719607426674,-0.40785094304616254,0,-1
DATA,-0.6249954454936237,0.9697974320018685,2.5489747729426506,-0.6207980924011616,0,-1
DATA,-0.4401751368967048,0.9637920661247956,1.1559670143500367,-0.7324482373620043,0,-1
DATA,-0.6365475317762497,0.9437211805519364,2.5601327117921637,-0.8753375406719371,0,-1
DATA,-0.6794467899454115,0.9528317439487562,1.9880466705208522,-0.9114255754545502,0,-1
DATA,-0.6166512189796051,0.8762828287456889,1.8182906990022796,-0.9721843088676162,0,-1
DATA,-0.9219265752819052,0.5557288881571417,2.4921244436504364,-0.8238189103601913,0,-1
DATA,-0.6632766535270616,0.5587960308414852,1.8028899113764736,-0.7277366615228393,0,-1
DATA,-0.8405731986045216,0.33438703642411605,1.7050343911264725,-0.5816815631481509,0,-1
DATA,-0.8410638575867502,0.2711074434759144,2.9486729011047403,-0.3824878796559858,0,-1
DATA,-0.8757599829802782,0.2519224033361099,3.3270773587735354,-0.10282698467980461,0,-1
DATA,-0.7532548971816729,0.05733763928917993,2.502764749510403,0.09903552111514859,0,-1
DATA,-0.6439983835838501,-0.0931967640224789,3.9147890170370077,0.4072390674863147,0,-1
DATA,-0.5074130617042247,-0.08777886677451854,1.3086753359473016,0.6122905674313784,0,-1
DATA,-0.8383619017470227,-0.30152129669893235,2.860909454509609,0.7947978026781815,0,-1
DATA,-0.5141679199577462,-0.36553024445014803,2.7999553981371497,0.9023349068886724,0,-1
DATA,-0.9199951573539209,-0.5597323847020401,1.8126941965914836,1.0289955072158727,0,-1
DATA,-0.4388569431839622,-0.7006862117277075,1.4193575897079898,1.0332041055991454,0,-1
DATA,-0.5858554189015265,-0.7104792291257511,1.9576236704125833,0.9906447074085458,0,-1
DATA,-0.6985151868056279,-0.6607680920180383,2.643040345288874,0.8679472633092924,0,-1
DATA,-0.7525174852791119,-0.8260739409190542,1.9896566043209907,0.7659180620877278,0,-1
DATA,-0.6466822663878755,-0.802070513555155,2.2362703981210688,0.5665822190676073,0,-1
DATA,-0.2614784351000642,-0.8758095947871355,1.6767987102912008,0.3652492133838007,0,-1
DATA,-0.309865831814181,-0.8324108819975307,2.1860936747566244,0.08895406798605202,0,-1
DATA,-0.6190581892969912,-0.9139352857505489,0.23511320241398082,-0.14329357764456857,0,-1
DATA,-0.18233584259031854,-0.8915306189757142,-0.6227273934579585,-0.3746552268459685,0,-1
DATA,-0.42347622469753604,-0.9250090171666584,1.5792923063575977,-0.6609984349541034,0,-1
DATA,-0.0868186485170026,-0.8423295064658084,1.8168370293951266,-0.7534772580046618,0,-1
DATA,-0.10748510424894953,-0.6998000221261115,1.29709517161971,-0.8991208315435122,0,-1
DATA,0.03332126212385528,-0.5713757737050666,0.889711093262972,-0.906837243679779,0,-1
DATA,0.0023286147459676276,-0.6077919503841196,0.4272607507885551,-0.9293891526593131,0,-1
DATA,0.02538953747542433,-0.5074727188224306,0.5068833510546593,-0.8895661963369089,0,-1
DATA,0.07646289595992406,-0.20358492804439063,1.8503328139922592,-0.7199792094476709,0,-1
DATA,0.26001713365514617,-0.08069505487832779,0.9317705182153613,-0.5546986822883346,0,-1
DATA,0.025537062161364504,-0.06498528708971035,2.5307303446430254,-0.32570215851575235,0,-1
DATA,0.3005527654488263,0.16230006071608388,0.49592921264400874,-0.09429348092033206,0,-1
DATA,0.14543636355753878,0.2581050148899318,2.180913568281336,0.1790430833945487,0,-1
DATA,0.531731086484248,0.3553603172466515,1.6021891455762742,0.35921318256990403,0,-1
DATA,0.3571098451092879,0.4143051711789706,2.1940291244535755,0.6007851797232441,0,-1
DATA,0.572763240714752,0.47689340580401063,3.864780273182258,0.8274609834248671,0,-1
DATA,0.3522222081944941,0.6271681021114857,2.3354929017711896,0.9748922981566743,0,-1
DATA,0.34676271356386074,0.8639318895037064,4.0579580249709775,1.0693262038724944,0,-1
DATA,0.7644871810957283,0.8715376894299394,4.161220995498761,1.0757919386922594,0,-1
DATA,0.8198520016940005,0.8773056606514995,1.1198063562673963,1.0569249609156093,0,-1
DATA,0.8526860922222055,1.0637558694218459,3.041975274973945,0.9277271915071869,0,-1
DATA,0.7043594179476038,0.9749632309016105,2.28594250698755,0.7732833268145115,0,-1
DATA,1.0154328577045035,0.9726414608261772,3.4841690971832557,0.5615863675335047,0,-1
DATA,0.8692317987386616,1.2326491524384346,2.104222136704336,0.2907344310799831,0,-1
DATA,0.8051488051776434,1.2238625649408799,1.88880622999032,0.026480796314916753,0,-1
DATA,0.9228548413742634,1.2187022735375233,2.455884511218845,-0.2214965041884709,0,-1
DATA,0.9130909598359345,1.044869510589756,1.7638487330475332,-0.3886205576238939,0,-1
DATA,1.2437600819368424,1.0203974842450598,1.8559854787300498,-0.5964940471407306,0,-1
DATA,1.186592135129839,0.9154570171836222,3.2217681438239576,-0.781635392178234,0,-1
DATA,1.1321088494247926,0.8340478136386502,2.5031749907321035,-0.9055742690615927,0,-1
DATA,1.1729838584548236,0.9179038992680794,1.9849809124664441,-0.911898577645662,0,-1
DATA,1.30349543859873,0.7723691093477287,1.5490831856391407,-0.9315198197286292,0,-1
DATA,1.123245145979354,0.5850405710094071,0.9386030356205471,-0.8610526729921325,0,-1
DATA,1.2703737457835722,0.5045161874118339,0.12275865401905839,-0.7201052255160612,0,-1
DATA,1.0959571252418794,0.3410463446763759,1.524667669542246,-0.5831755194001188,0,-1
DATA,1.3888039444544777,0.3741361931978612,-0.6844734149507555,-0.36422534260892014,0,-1
DATA,1.1490014726576598,0.22146733790566017,1.6907071943128231,-0.1295957614543933,0,-1
DATA,1.1847965476422235,0.06856896305865488,0.5271784813005377,0.16539023517632756,0,-1
DATA,1.4034025878068779,-0.12633399354275815,1.2878562542132883,0.3957183332723551,0,-1
DATA,1.2919449168446495,-0.12605386012363315,-0.8740447476167015,0.5918908867196045,0,-1
DATA,1.2616333773838218,-0.3329122258406381,-0.5087577927467172,0.8392225282988813,0,-1
DATA,1.4015718755744129,-0.2913653655430489,1.477393835190583,0.9383054542939445,0,-1
DATA,0.9987902542376237,-0.46552091159594183,0.5669979350296163,1.045308359861371,0,-1
DATA,1.199670108131441,-0.6871566715492297,1.578080726811561,1.0777275804329622,0,-1
DATA,1.1247590334285575,-0.6697731622604999,2.200508496664575,1.0188198339660999,0,-1
DATA,1.2382389513756367,-0.7801629069851306,0.20629175839192174,0.9380063889418736,0,-1
DATA,1.1584761174026519,-0.8315224104556287,3.1050839680409834,0.7652857126096279,0,-1
DATA,1.2641821582230997,-0.732072251274595,1.9906235187888837,0.5327514958996911,0,-1
DATA,1.018192334141308,-0.9242762289008939,3.7404325755372754,0.2964701321917576,0,-1
DATA,0.8591544361302572,-0.8922183466863732,1.5220577650466875,0.020577992675810924,0,-1
DATA,1.1028010730106699,-0.8999978415616957,4.040731756544964,-0.19293025710766143,0,-1
DATA,0.6729415378712338,-0.8551201251157281,0.9922829568816985,-0.41743430351634586,0,-1
DATA,1.0363686672416659,-0.8263449246367236,2.646244174233213,-0.6480482994402297,0,-1
DATA,0.6851412262179768,-0.8210644926988615,1.7584774841150703,-0.7748669399177411,0,-1
DATA,0.6862585468074798,-0.6112903278514485,2.50219516240617,-0.8815986502394143,0,-1
DATA,0.8058725494401764,-0.5613713846189268,1.633182993049421,-0.9578948729523844,0,-1
DATA,0.4158434102645426,-0.4964092090961526,1.5971212408593367,-0.8942606656595186,0,-1
DATA,0.5614658210413329,-0.47910938989089025,1.4111987223526357,-0.8520341898740231,0,-1
DATA,0.614553465976352,-0.2614959055467188,3.3589594522979422,-0.7332062814617162,0,-1
DATA,0.6441553103224191,-0.1862044558774553,3.236503428351053,-0.5850404537016983,0,-1
DATA,0.14121980371033724,0.048233859275094576,2.548624051752941,-0.32960921406923194,0,-1
DATA,0.5228014294548691,-0.0642695969060364,2.0606793976157833,-0.0891475604127304,0,-1
DATA,0.43550880561135524,0.17973600200002893,2.5899901193019517,0.18200111741055852,0,-1
DATA,0.11645696579486023,0.4193151899451625,1.285457240929116,0.3850923554780605,0,-1
DATA,0.19379464709944383,0.32320878479219495,2.8298878430637977,0.6626001706153208,0,-1
DATA,-0.09818783983508408,0.569757188195957,2.272995806959831,0.8239877732194877,0,-1
DATA,0.17219057874460703,0.6432118619129599,-0.053203952267356525,0.9372263193246945,0,-1
DATA,-0.3138242131375022,0.6732278773738902,2.4761929911063802,1.078456098418292,0,-1
DATA,-0.159274207105651,0.779069697281911,-0.6213606828500071,1.035179398767972,0,-1
DATA,-0.04333135356682555,0.9217917666723754,-0.7451178004648253,0.9787888541154032,0,-1
DATA,-0.28096447268326324,1.0786608091212089,-0.14662855811639597,0.9167331307690227,0,-1
DATA,-0.5283985832841775,1.1595185095697396,-0.8590274944774927,0.7315689196279993,0,-1
DATA,-0.3102310017410378,1.1350767387856626,1.5326013719337341,0.5874109230060972,0,-1
DATA,-0.1734089090585394,1.2329955376022492,-0.5664657615257853,0.3103331929263999,0,-1
DATA,-0.5189029531845135,1.0487109604582006,-0.13576255539003745,0.048025495461991724,0,-1
DATA,-0.2553022954555208,1.0982120320734348,1.4955005006927533,-0.18009288969111148,0,-1
DATA,-0.5544080364744401,1.0723987174837397,1.2003395933531604,-0.4550907355382184,0,-1
DATA,-0.5866341740437491,0.9945199685239284,2.6535201008919715,-0.5875807055746802,0,-1
DATA,-0.5472314397475864,1.019273981831562,2.3695580756852577,-0.8254813129962006,0,-1
DATA,-0.4410760085246993,0.8281352158556864,2.711605916845465,-0.8655754244865388,0,-1
DATA,-0.7794047444843617,0.7327097681811692,2.5546179349285705,-0.9367409193387437,0,-1
DATA,-0.7521743845373895,0.7993110117964479,3.2669384513505886,-0.8950238734945329,0,-1
DATA,-0.8168906665405681,0.6709307280345047,1.9225459170511945,-0.8981418840647658,0,-1
DATA,-0.7261000701985639,0.4931999612070517,2.426179320591586,-0.7411770805800685,0,-1
DATA,-0.9430600169505503,0.535563651859839,2.273924140093274,-0.5183048925899552,0,-1
DATA,-0.9312699287909167,0.43633409846351545,2.472305378095836,-0.35208919548638967,0,-1
DATA,-0.9593972594216407,0.22817319787165485,3.2138493540659407,-0.06169585241617144,0,-1
DATA,-0.6593600143468843,-0.02023392133725515,1.5959329316657946,0.1841803677593079,0,-1
DATA,-0.9133606810432038,-0.08893615755580925,3.9599909450948,0.37192752925917255,0,-1
DATA,-0.5196594058876315,-0.12241489652189777,3.7221103119410657,0.6471125543252615,0,-1
DATA,-0.7245519553880939,-0.3748985348929785,3.729243059660641,0.8449374898936773,0,-1
DATA,-0.9504619411485717,-0.29805667404943315,1.0786235605973458,0.9930600416014441,0,-1
DATA,-0.5536784605026872,-0.5070585774054898,1.2203783939163442,1.0033825733724886,0,-1
DATA,-0.6824143872164454,-0.6632996387088367,1.957903482506281,1.0179406580656332,0,-1
DATA,-0.5921914396567647,-0.7170183993177306,3.047522284040071,1.0490088254002647,0,-1
DATA,-0.37293949173662044,-0.8680311109653913,2.9105197082681262,0.90641097206567,0,-1
DATA,-0.8026064247363859,-0.8024297114708839,1.509991485941076,0.755703307373504,0,-1
DATA,-0.6178292630138758,-0.7484513593832014,2.3955571402743043,0.4854350126927584,0,-1
DATA,-0.6008618041303383,-0.7650644874396297,2.4858095346434324,0.2957307959715002,0,-1
DATA,-0.34168185206014723,-0.8806315477839461,2.4531801526864534,0.056859695118271394,0,-1
DATA,-0.3319955856871093,-0.8697238721711169,2.0818006732318066,-0.18616457290821173,0,-1
DATA,-0.4283942112486009,-0.9531795769119691,-0.6367731724843722,-0.38628890362832835,0,-1
DATA,-0.40365487008400613,-0.6949898875407551,-0.026127405375446222,-0.627923794740386,0,-1
DATA,-0.4749886637319251,-0.8194373002777415,-0.0946685139321406,-0.7496023541692565,0,-1
DATA,-0.28224168033032265,-0.7540508095253811,1.6857725674451212,-0.8767549597299005,0,-1
DATA,0.0642218057868012,-0.6820712050601955,-0.7958007160356467,-0.9156946274843251,0,-1
DATA,0.14921465589705024,-0.6105956555382351,1.6846352262671727,-0.9594311254530842,0,-1
DATA,-0.1933765289431003,-0.39003949019430273,2.5112922600168632,-0.8187063387362763,0,-1
DATA,-0.02031679636285444,-0.340941160004256,0.22278265137705677,-0.687968742980955,0,-1
DATA,0.2606155656925804,-0.2853493653573731,0.8834121802732482,-0.5503902835951839,0,-1
DATA,0.14826958015021507,-0.06183822783893936,-0.013979503527810855,-0.33461694987948226,0,-1
DATA,0.3592484172457759,-0.04073023815815412,1.8718260009333356,-0.04943594391168535,0,-1
DATA,0.44855326235023146,0.20829465443814482,0.8227898999411569,0.12848295809354243,0,-1
DATA,0.16371477241229954,0.4126980519468674,3.5894032172259265,0.45412008266542137,0,-1
DATA,0.19153018853717232,0.4438031309353625,1.9139286181338568,0.6239497889133399,0,-1
DATA,0.5820956280926315,0.6592496022730346,3.3948499326177703,0.800374379631731,0,-1
DATA,0.37035247324995707,0.7112211393087734,2.4814336572267774,0.9688838632947873,0,-1
DATA,0.7941451179042996,0.78130741502901,1.1335181840484505,1.0547842728445795,0,-1
DATA,0.47933389078276956,0.9044162438935376,1.537519100465256,1.0089739320787974,0,-1
DATA,0.8372344793749986,1.0110026286447977,2.5344465238207885,0.9895512909861671,0,-1
DATA,0.9101615282865523,0.9712396920393874,3.19314542807313,0.9383606611515452,0,-1
DATA,0.7437579295789198,0.959661550008973,3.4190720342221166,0.6836518097195131,0,-1
DATA,0.9599435203787952,0.9845100271372039,2.482391466461624,0.5750337337572989,0,-1
DATA,0.8406089686429051,1.0897941384587335,2.6269095585416524,0.29689617825838394,0,-1
DATA,1.037437843131927,1.0047242712259958,1.6060996283102125,0.030415250043706855,0,-1
DATA,0.87339339996129,1.2030821587860292,2.892735601685483,-0.2403947615868249,0,-1
DATA,1.1137492595275749,0.9913789908494834,2.1056932149224155,-0.3992047522630944,0,-1
DATA,1.093082788954482,1.1051437690731725,2.522508254537337,-0.611260823295923,0,-1
DATA,1.2173063380304345,1.0309716760254397,2.727212649555197,-0.8252864987631605,0,-1
DATA,1.0232041397022202,0.9807086274375822,0.9726607671996355,-0.8770108044741802,0,-1
DATA,1.2149915390863508,0.9060806842274756,1.6658364891124173,-0.9796465949473954,0,-1
DATA,0.9436332058758645,0.7744888664553409,-0.2878593642111445,-0.9110053739287957,0,-1
DATA,1.1044685849694689,0.6323483250806451,1.977689443361227,-0.8671228586766871,0,-1
DATA,1.3976797533725969,0.48341230617044295,-0.777034986256044,-0.6672520827653096,0,-1
DATA,1.174181683763672,0.44016916775641785,-0.2656438289171137,-0.5596685162837921,0,-1
DATA,1.349878773643346,0.19274900269022066,1.1469553572624127,-0.3078141513551194,0,-1
DATA,1.0971148026688506,0.20027245594135076,0.41766054951624754,-0.04926879928828827,0,-1
DATA,1.108333395471742,0.022792152977951327,0.19301991069387325,0.16669254341158157,0,-1
DATA,1.4620995079915122,-0.09238931299206174,1.0036348907184423,0.42320303290496714,0,-1
DATA,1.4072361140954563,-0.13896151968532594,0.7980479229559387,0.6805087324183215,0,-1
DATA,1.2165722910723153,-0.39359028335255264,0.3295272970693691,0.8661425700194609,0,-1
DATA,1.2901989331385295,-0.33675566927565204,0.7286850434745772,0.9623421511094834,0,-1
DATA,0.9626977987589673,-0.41902250999886936,2.096054222916819,1.0172403036569593,0,-1
DATA,1.1756070292548761,-0.528004713969607,1.1637997663867434,1.0319545054001473,0,-1
DATA,1.2297954632730939,-0.72104049018877,2.0538597113373114,0.9777916049395124,0,-1
DATA,1.2554947419070008,-0.7483038914154934,3.183055217201645,0.8419906183811205,0,-1
DATA,1.2342961850142473,-0.8915443548785561,0.6963658917151241,0.7447927459703277,0,-1
DATA,1.1748567673543324,-0.9432734967892928,3.734181021601724,0.5693453012423442,0,-1
DATA,0.9027095005160116,-0.7904950281157789,1.6551459295361186,0.33194861600928394,0,-1
DATA,1.1533042460421568,-0.8441200830634433,3.7244651078816533,0.08985855808071017,0,-1
DATA,0.9881300984878848,-0.9034126489940577,3.0800047468397858,-0.203680472440969,0,-1
DATA,0.6889478478127331,-0.8860389056248618,1.8192935860638468,-0.48586851833777767,0,-1
DATA,0.9007890284772597,-0.9013249812686625,3.1748667265645825,-0.6094814792389147,0,-1
DATA,0.7908722254203009,-0.6455534017511264,4.315388356486548,-0.8364815672881573,0,-1
DATA,0.6613206884076009,-0.5708839399908252,2.285376375036061,-0.877623218846774,0,-1
DATA,0.6394387082530094,-0.6415043067706161,3.8474407436261164,-0.9952764950811275,0,-1
DATA,0.7458284396690058,-0.5567511822297403,2.8786475431793184,-0.9524547772531234,0,-1
DATA,0.3428697332806589,-0.3084569150134512,1.2548728939283578,-0.8920235570408539,0,-1
DATA,0.6256778397232394,-0.33977610540894354,0.6125059705228447,-0.7312328448506406,0,-1
DATA,0.20865475253332558,-0.1455522076261823,0.5544800056349851,-0.5609719136524476,0,-1
DATA,0.3986770931560128,-0.1684625594845704,1.1267467868407184,-0.3083570556752357,0,-1
DATA,0.17996295693346792,0.01784160532149292,1.4899673752514282,-0.019907065086008535,0,-1
DATA,0.0351162540757418,0.08710319291910157,0.37686559670293385,0.21547454668512966,0,-1
DATA,0.2818287150176103,0.30799516836550034,0.2719653996027716,0.41780448146181065,0,-1
DATA,0.06949722484461493,0.5200413047536946,-0.3207953284205893,0.6290105373376975,0,-1
DATA,-0.026465500740248366,0.4481021751936941,2.6943118962692623,0.8445377323569017,0,-1
DATA,-0.11189680056746143,0.6205562771084797,0.16922630259666582,0.9188916622344754,0,-1
DATA,-0.2817382133875709,0.8359536116148861,1.681316814165415,1.0564619666642436,0,-1
DATA,-0.3937388904193863,0.7787154677068313,1.9931494162054524,1.0808067387840439,0,-1
DATA,-0.2939209290549282,0.9621683979263307,1.0446725525839158,0.972769020963443,0,-1
DATA,-0.2554615536010704,0.9968320040757128,1.1882027933772656,0.9295835159745319,0,-1
DATA,-0.4863123325420382,0.9664882580342753,1.638477193789872,0.7463786021389756,0,-1
DATA,-0.599321705080917,0.9909676618006515,1.2281265975027273,0.5237011573584838,0,-1
DATA,-0.37458655711171623,1.0741833875203803,0.46658647818965027,0.30980446056102773,0,-1
DATA,-0.42781146700389056,1.2331484947941331,-0.13640960189266904,0.0508221819610573,0,-1
DATA,-0.26152111496382346,1.2274799465843031,1.6244267380343822,-0.20209660245263544,0,-1
DATA,-0.344014882638336,1.1017586652216604,1.0176290910282388,-0.46044900352237156,0,-1
DATA,-0.7138550459132263,1.1430227398904225,0.7348576072886305,-0.655396161945168,0,-1
DATA,-0.5864002996330689,1.0525786314480547,0.2402320691703468,-0.8278917936733985,0,-1
DATA,-0.6257261742361879,0.9922952304899741,0.2118642485799792,-0.8892732650202433,0,-1
DATA,-0.7137643700228793,0.7566691086222281,2.616772280926889,-0.9741256232471877,0,-1
DATA,-0.47604832589124735,0.6735087116756087,2.875682135550685,-0.9546132821686961,0,-1
DATA,-0.4770852898923771,0.7564846028918281,3.0831974633813557,-0.7989439942728115,0,-1
DATA,-0.5391417432850053,0.5866228695453473,3.2622066611371254,-0.674086202763883,0,-1
DATA,-0.7568477314603325,0.543833782594125,3.4593794505163746,-0.5001163141660305,0,-1
DATA,-0.5839110232966787,0.23655602178476406,1.537342657008157,-0.3488161340864502,0,-1
DATA,-0.9220505774289744,0.18015875746338636,1.186465742271696,-0.10336049762642001,0,-1
DATA,-0.7164656407081782,-0.018628628563542998,2.413715867489209,0.18557935757026392,0,-1
DATA,-0.5393233231924528,-0.08411891113201586,1.193152828257349,0.39597462568688724,0,-1
DATA,-0.5346411854332649,-0.15569493491534314,1.3381103631476552,0.6203063033819128,0,-1
DATA,-0.6940122082314504,-0.3044001990927043,1.3555635564814725,0.8181439421513286,0,-1
DATA,-0.4996925433151494,-0.3870126270458325,3.4096049842096385,0.9932948273553198,0,-1
DATA,-0.6726726041873015,-0.5559914447675628,1.5172475728498265,1.0480560740063598,0,-1
DATA,-0.7540630219719611,-0.6638991991413015,2.9823293751071076,1.0060114557320268,0,-1
DATA,-0.7478687746967881,-0.8027404687157422,1.6737836476244514,1.0162228103215445,0,-1
DATA,-0.4560359539947332,-0.8413890208590549,0.7382666107283649,0.8670542940660151,0,-1
DATA,-0.6068830273104413,-0.8348585759810829,0.5942126106258929,0.7325746307448642,0,-1
DATA,-0.35489340361938543,-0.7825838489248729,2.4199553667761036,0.4890909646552777,0,-1
DATA,-0.4659988675515134,-0.9614619643318754,1.0229074234298636,0.32149741301533785,0,-1
DATA,-0.4660609035486568,-0.7891724198262898,1.9425295810288523,0.069991723497217,0,-1
DATA,-0.2144608598538013,-0.8319106272333101,0.8525427499369976,-0.19443292640136606,0,-1
DATA,-0.15035304303868813,-0.8830907731370716,1.7944834990987877,-0.49372616347279813,0,-1
DATA,-0.42219543549366323,-0.7440148343290798,0.7794735174591989,-0.6500802620553019,0,-1
DATA,-0.29935109084897565,-0.759451410408913,1.1132665677385818,-0.8409074140510285,0,-1
DATA,-0.3834804675576499,-0.7763518307754964,2.2607268612948053,-0.9092531859126309,0,-1
DATA,0.0956958074743493,-0.713029824815842,0.7433229160828931,-0.9107103515890375,0,-1
DATA,0.07615851047850036,-0.46395663736191806,-0.040257149355704125,-0.9147366666745833,0,-1
DATA,-0.03389882137599143,-0.49216038610907525,2.4753707290741693,-0.8781490465351066,0,-1
DATA,-0.16520601616907993,-0.2296121425207102,1.181752606282729,-0.6578906002145786,0,-1
DATA,0.14656884114444385,-0.10552458105987522,0.6104607295526279,-0.5018639257216468,0,-1
DATA,-0.08765185025792685,-0.11562982788434886,2.2723287968179418,-0.30478793296766815,0,-1
DATA,-0.01164716913980567,0.1192799506036604,1.8998143075476468,-0.04822043189984694,0,-1
DATA,0.15540552143151004,0.2043023383403501,2.6690113973562086,0.1947648383270117,0,-1
DATA,0.2764733364877932,0.4408052633609932,0.6962775187162891,0.42794172647672796,0,-1
DATA,0.3773756948163166,0.5003071195124071,1.8760576672996845,0.6815926608122358,0,-1
DATA,0.367482709060978,0.6416410972185294,3.100331297349392,0.8398308858175554,0,-1
DATA,0.5170478369468945,0.609964150730014,1.6509275449697567,0.9301575671648604,0,-1
DATA,0.4519845233138482,0.8254704837123544,3.447808784608595,1.0474076203974272,0,-1
DATA,0.7799914385098965,0.9551321367659437,2.8334482986316356,1.083822079205324,0,-1
DATA,0.7836510650972224,0.8704406658744952,2.7098356524870257,1.0365228159248983,0,-1
DATA,0.5875684430312624,1.0423621859794407,3.008388686845609,0.9195818654748789,0,-1
DATA,0.811389683309385,1.087038042683615,2.8679329125421167,0.7160341062425539,0,-1
DATA,0.7785007920968372,1.2053902128411773,1.5941631785324675,0.5404502149792185,0,-1
DATA,1.0004443769308708,1.0375499945463478,2.0742441215405476,0.2451143544239967,0,-1
DATA,1.1563065212302055,1.245203629751814,2.7228971726708933,0.007730206765956087,0,-1
DATA,0.9053188262282741,1.0697789817459986,1.2607909722741861,-0.18290031245390076,0,-1
DATA,1.1720974216721698,1.0985339697723455,2.6305461036324376,-0.42567098926611935,0,-1
DATA,1.038445124971369,1.1382052781584742,2.106810214914785,-0.6205577842710092,0,-1
DATA,1.0311781337140262,1.1151403062036545,0.016093487521634413,-0.7876224307448106,0,-1
DATA,1.068207334205729,0.9497854841251133,0.04080696942939124,-0.866467530243223,0,-1
DATA,1.1173014765661038,0.9396571444513743,-0.14189151731235933,-0.9000699201317139,0,-1
DATA,1.1024203997068118,0.8529717478810629,1.06973069393725,-0.907109853024769,0,-1
DATA,1.3084462438647013,0.6549898072705674,1.6464949885580078,-0.8517892268773123,0,-1
DATA,1.327708333608621,0.6222134713018312,1.0860081350120505,-0.7011865791744617,0,-1
DATA,1.3207331425315714,0.3435327137302494,1.572651253964338,-0.5261742531319988,0,-1
DATA,1.392552316954388,0.31257026201475496,1.2210044695838613,-0.2698332119394044,0,-1
DATA,1.3773665948979172,0.27642370087054036,2.035618585740443,-0.015043309679471775,0,-1
DATA,1.4132287387352622,0.15284175033054886,1.110673101292114,0.20350720378744155,0,-1
DATA,1.132250304546936,0.02281283189037539,-0.012690545281542898,0.41242001790913646,0,-1
DATA,1.1192075032524016,-0.31948837800917274,-0.7400342908788142,0.6874357146316817,0,-1
DATA,0.9839423452571838,-0.2589277706802292,2.207657323678004,0.7991867233181863,0,-1
DATA,1.2462819976449124,-0.38481792147122185,-0.35456272181863213,1.0086707685405178,0,-1
DATA,1.2610837092957348,-0.4777036338681072,2.499976884264327,1.000909986248345,0,-1
DATA,0.9379738685032417,-0.6125661313994362,1.1493241587618002,1.0113149188419073,0,-1
DATA,1.282247051827717,-0.6873500804666252,0.43501200686543007,1.037110840243711,0,-1
DATA,1.3395858819421635,-0.7115949712272169,3.246776573299561,0.8435422554715027,0,-1
DATA,1.219227556361331,-0.7737209743669315,0.554729633857703,0.7011962788280371,0,-1
DATA,1.0050389972349147,-0.847574008260666,3.4082873915795164,0.5264416820487914,0,-1
DATA,1.1894872482297016,-0.913036573295782,3.0078871057110166,0.2742068647905021,0,-1
DATA,1.158233966932147,-0.8049200409583683,2.379982042527413,-0.012935483018195165,0,-1
DATA,0.9170899587351313,-0.7921281834721374,2.3832973193393974,-0.22595223108059903,0,-1
DATA,0.8395426715148767,-0.8276057430818261,1.9914767053003424,-0.41475121360106254,0,-1
DATA,0.7086015544556392,-0.9017604354552955,1.8048418074772563,-0.7087365649563494,0,-1
DATA,0.8863083983487898,-0.7533074293923534,2.859854075198575,-0.8347594584202852,0,-1
DATA,0.4883876139458328,-0.7517168563280547,3.385016763796767,-0.9558909590323061,0,-1
DATA,0.6794482972009717,-0.5940949066549664,2.263793941089373,-0.9321271143001678,0,-1
DATA,0.506409644935141,-0.40444883003546916,3.26890978532491,-0.931617981016397,0,-1
DATA,0.5115876424025626,-0.49122545052121247,2.24410150871466,-0.8254255165810889,0,-1
DATA,0.3836818290308279,-0.3356938574482515,1.1798766067607436,-0.6644310317381983,0,-1
DATA,0.47245750737808184,-0.11838647724949589,1.356076458813562,-0.533105475388713,0,-1
DATA,0.3479232647756945,-0.06197440756909883,1.3482641942490423,-0.2421334611967472,0,-1
DATA,0.25353848073217633,0.06284848679820795,1.2235212231975028,-0.05725349142220697,0,-1
DATA,0.1406226278098046,0.24282426168431342,2.9876089531044276,0.25582795135118536,0,-1
DATA,-0.009346578249525478,0.2081770404107335,1.7349019277865154,0.49696781286776537,0,-1
DATA,0.2282858555541657,0.34984680045831723,1.4549023197607824,0.6457828331235987,0,-1
DATA,0.0979749832151493,0.6255561771629798,-0.259153622830585,0.8623662854340195,0,-1
DATA,0.15980669672991454,0.5921805151134073,-0.16543999091400707,0.9509511890384612,0,-1
DATA,0.02112863768162282,0.888653032447443,1.1460270233835734,1.0106105546327708,0,-1
DATA,0.03642691339887205,0.8473530150860928,0.6255846791864775,1.0606917250390504,0,-1
DATA,-0.3304148973694309,0.9728589298115017,0.5883483077600403,1.0329467586513466,0,-1
DATA,-0.43882757552017077,1.1081900988837416,1.4564435086208394,0.8691662060378456,0,-1
DATA,-0.4343089845545947,1.0247822573777818,-0.14936459476456165,0.702481011116626,0,-1
DATA,-0.17046202056684295,1.125471347722838,0.1410395059659998,0.48925240706002293,0,-1
DATA,-0.41582195348939616,1.0462839986221482,-0.683370076405595,0.28234604898702187,0,-1
DATA,-0.2995267222773798,1.0265628903574784,0.04513042903753617,0.04148605401139346,0,-1
DATA,-0.2898170680453894,1.0416343144561298,2.172211820244365,-0.2754388432643934,0,-1
DATA,-0.6525105795781774,1.1944412052983602,2.3312591929249233,-0.47283300253895905,0,-1
DATA,-0.6689843153380672,1.0499612793053719,2.689349261684946,-0.6581326832838057,0,-1
DATA,-0.5683685334787295,1.0502303204218562,0.5600822279070933,-0.8033928519990874,0,-1
DATA,-0.6307876277689091,1.0357738672832657,1.9026090770133308,-0.9574619644733446,0,-1
DATA,-0.8459808519556853,0.906054054975693,1.1226618567394357,-0.9844976426644885,0,-1
DATA,-0.564195922035614,0.722909555217968,3.2447591069965127,-0.9467365385381111,0,-1
DATA,-0.7200468500210281,0.5993046340423405,2.6144212151778428,-0.8796034913684134,0,-1
DATA,-0.6838108700147871,0.4344655219289081,2.3551521904015873,-0.6820504373823598,0,-1
DATA,-0.5896176850602903,0.35450303907909775,1.468279236121041,-0.46525795107204054,0,-1
DATA,-0.9187742260980795,0.35903319043432,2.3524579550610847,-0.27686878140829335,0,-1
DATA,-0.8950103515085444,0.23672159318951055,2.0835760866143986,-0.03320035734549189,0,-1
DATA,-0.7554990999833835,0.005080680228960771,1.5298525551156756,0.17353133953913938,0,-1
DATA,-0.9924129681050224,-0.18449970121596562,3.3494564782634324,0.45198651275109364,0,-1
DATA,-0.7229046828694454,-0.3222660948611156,1.0947533797357243,0.6849643431871875,0,-1
DATA,-0.8363098730904164,-0.3626173714030183,0.880568815958546,0.8366857026041228,0,-1
DATA,-0.6876238225561354,-0.3673623664333201,2.012418497928535,0.9729576643976293,0,-1
DATA,-0.5494794389135619,-0.6111055124547284,2.2015051470908764,0.9932413642398623,0,-1
DATA,-0.7682892442575009,-0.7131559691426846,2.9187293154590237,1.0831535757021187,0,-1
DATA,-0.7803941708651536,-0.7678647203755916,3.035898319931896,0.9882701559637456,0,-1
DATA,-0.40742948289817604,-0.7041102079827819,2.347352724666576,0.8832165683393629,0,-1
DATA,-0.7428650815904083,-0.7755450670585493,0.5213251784517623,0.6593035521243172,0,-1
DATA,-0.5717488046239501,-0.859942025236956,2.098083647425956,0.5402135395434702,0,-1
DATA,-0.37829033142017143,-0.7769329824141581,1.576353622892449,0.252538802264089,0,-1
DATA,-0.3867470073303642,-0.8040827639925379,0.4510444444948857,-0.02808901269455619,0,-1
DATA,-0.5102540812466682,-0.75008940152229,2.3312928774038757,-0.19911408145911622,0,-1
DATA,-0.5750004493709424,-0.8331902850621205,0.31289838672513703,-0.4525768504262059,0,-1
DATA,-0.40549880269365757,-0.7782635607761407,-0.0907281071136754,-0.6993872759564297,0,-1
DATA,-0.18333837025300104,-0.7478687263239763,-0.7811170020289151,-0.8653717735975878,0,-1
DATA,-0.4293245226211379,-0.6950743826213429,-0.9772141393363958,-0.9279279684119428,0,-1
DATA,-0.13082185026798482,-0.5058079928919336,1.5987748508177222,-0.9579359452587028,0,-1
DATA,0.010935459978461404,-0.5278997589164084,0.923092287971773,-0.9699776022784087,0,-1
DATA,-0.14500259284206524,-0.5102607182172187,0.03988636372566601,-0.8144577911774019,0,-1
DATA,0.15766424541001237,-0.2737805088856998,-0.06876240490214391,-0.6913663928137501,0,-1
DATA,0.07031009249275683,-0.1606366201463173,2.060055618647466,-0.4742749955551475,0,-1
DATA,0.2804594478053243,-0.12403663680119786,1.0278330336335628,-0.2551041302411826,0,-1
DATA,0.11244100050229748,0.1315481923617543,1.3353504499263382,-0.06641207545600339,0,-1
DATA,0.10652941394329246,0.23802424462174726,2.672533300062331,0.17722544952235691,0,-1
DATA,0.39871808436510514,0.3171634280190343,2.36707312569178,0.4667673769815608,0,-1
DATA,0.5353029960812726,0.5483242480162608,2.604781256072468,0.6934173556098802,0,-1
DATA,0.5600699316951039,0.5505457762383879,3.599199468026489,0.8137081869216715,0,-1
DATA,0.5492804195988814,0.6117652520360636,1.5568804986113542,0.9913186933986912,0,-1
DATA,0.7426268514280512,0.7207667136926077,1.6106331988988773,1.0004386205145082,0,-1
DATA,0.6880968364001108,0.8849111248223617,1.4364772081840391,1.0425482316421455,0,-1
DATA,0.6086644539967183,0.8775406488298672,3.5636463714393027,1.0021616622989848,0,-1
DATA,0.59038651989008,0.9504502670731876,1.9480127078997165,0.8929469638819678,0,-1
DATA,1.0495331080675312,1.0853884222936352,1.7592279917241327,0.7419744939599956,0,-1
DATA,0.7759659270864612,1.1690015967308334,2.566242805488627,0.46116520003410316,0,-1
DATA,0.7380342727730063,1.1278414885426915,2.6804533417113108,0.2313444873381746,0,-1
DATA,0.8156280858828939,1.1736849860259717,3.852784360390376,0.0164374091122474,0,-1
DATA,1.0218654392647903,1.0178152169346024,2.49946443037474,-0.28203698306866326,0,-1
DATA,1.2653802605216924,0.9741399766318171,1.7040109769644958,-0.4699874469854058,0,-1
DATA,0.9196857359666977,1.1277703793530889,3.1916024405820367,-0.6662918183197479,0,-1
DATA,1.0977549984672113,0.9915060637349378,0.043510453051589446,-0.7902685861593517,0,-1
DATA,1.3120045464616452,0.8696359456161598,1.3999725515857107,-0.882155068902457,0,-1
DATA,1.0644775599105356,0.7619656072422316,1.7456553767044676,-0.9634113954520568,0,-1
DATA,1.076374697457167,0.6975157209719842,0.12132808018973817,-0.9484806588926057,0,-1
DATA,0.9980933517570314,0.5217469416132491,1.3218317369113393,-0.8636988284422411,0,-1
DATA,1.2078273796254195,0.6030326910770065,1.632220646979576,-0.7184275710758303,0,-1
DATA,1.341897343842773,0.3588052813954751,0.32311764819584743,-0.46467275493536586,0,-1
DATA,1.039225498639901,0.2760929556063984,1.1920897707347309,-0.22579677278937074,0,-1
DATA,1.2698237669528296,0.0913468232130101,2.0948493948006868,-0.03653437447324463,0,-1
DATA,1.462088673119692,0.07194705818321018,2.1498142764932204,0.262305170005271,0,-1
DATA,1.4653593781920473,-0.12273275192965824,0.5329266902989251,0.454242053465497,0,-1
DATA,1.2893368952438067,-0.14763042620629685,1.3443442685567706,0.6751706385308801,0,-1
DATA,1.448725436051138,-0.43827982758836354,0.17255441317092768,0.8666096947015132,0,-1
DATA,1.3292579767778863,-0.40468629148831803,-0.12930115571792594,0.9665498492646812,0,-1
DATA,1.0370200039066662,-0.4853226198904935,-0.341782088085399,1.0774153628770016,0,-1
DATA,0.976134153942684,-0.5582241713793319,0.39267693377848584,1.0670693211631184,0,-1
DATA,1.016157359671068,-0.6619996239068182,1.3153489431849956,1.0190536043059146,0,-1
DATA,1.1494813400433017,-0.7992088631694999,2.9212155385387133,0.9054078257210677,0,-1
DATA,0.8826868489038321,-0.9285650592061304,0.5623286556119784,0.6903567625570344,0,-1
DATA,0.9118804404911404,-0.7801351857686059,2.8721668524727253,0.47336880371936985,0,-1
DATA,1.2385778289227312,-0.85022543681406,3.325408406644705,0.19804381019439546,0,-1
DATA,1.0680339229462328,-0.9141997251356029,3.917181027789407,-0.04755221202982175,0,-1
DATA,0.6730623448515627,-0.9368368343374228,2.6228956298621444,-0.2302747117929137,0,-1
DATA,0.6851450484869925,-0.846485663265611,1.8661128517267849,-0.5184822712854069,0,-1
DATA,0.7666485499460038,-0.7650103720645429,1.489115367179696,-0.6823899166524929,0,-1
DATA,0.9407899293033541,-0.8336334662834884,1.9641812342445055,-0.852673201655737,0,-1
DATA,0.5999457090949336,-0.6434549489535984,1.878563646501663,-0.9512618857145532,0,-1
DATA,0.7583757486382532,-0.6846142472418347,3.3349565356277724,-0.9646880908198598,0,-1
DATA,0.6648606769351214,-0.4899163790118508,0.9644936010027144,-0.9251028761886511,0,-1
DATA,0.2814598510477856,-0.36264020858582097,0.9625288433877195,-0.7788918152109214,0,-1
DATA,0.4169099038851217,-0.34894054239450867,2.3455795869003824,-0.642564371050181,0,-1
DATA,0.2948351450051415,-0.07045184226160212,2.327484991603124,-0.45133380804406886,0,-1
DATA,0.4720350609729677,-0.12095157374007648,3.189506578647849,-0.2495593137499122,0,-1
DATA,0.06703835102444095,-0.009372555242735094,2.6805906000813273,-0.007700183254565909,0,-1
DATA,0.005228976710720708,0.13130600929856961,2.984199539667523,0.20842592119382536,0,-1
DATA,0.1805528497715012,0.38191949942169834,2.146590173691441,0.5200192145130518,0,-1
DATA,0.18424749406173496,0.5508894572596278,1.8085790351386144,0.7319520770669888,0,-1
DATA,-0.19192870754845692,0.6313215469983026,1.5284706643689494,0.8957251826152831,0,-1
DATA,-0.10281640128758335,0.7228103535685195,2.0037846570724005,0.9492851023279057,0,-1
DATA,-0.21034978450555009,0.7787594229765493,2.125456369762198,1.0846631943439413,0,-1
DATA,-0.009901181494952116,0.9730762538636051,-0.4347899552334429,1.0898926720282993,0,-1
DATA,-0.16858577563959176,0.8810202041819759,0.6753539948951653,0.998045907356335,0,-1
DATA,-0.499916390766895,0.9701127578284784,-0.6847543726095826,0.8503657828927997,0,-1
DATA,-0.3335675878136476,1.173780028929954,-0.33890462207665095,0.687004871895627,0,-1
DATA,-0.36613870031070633,1.1688862247178355,0.383932947962366,0.48759880562374436,0,-1
DATA,-0.6414914892883289,1.076718443948522,0.5563167947333808,0.24992491614110832,0,-1
DATA,-0.5564563921826087,1.0863055553171723,0.29320294457265805,-0.030506474405336853,0,-1
DATA,-0.5732245111289023,1.030302887315874,1.200144936381928,-0.2436770133297527,0,-1
DATA,-0.3869010327065329,1.0175971249853373,1.6254146016600448,-0.5079501082874256,0,-1
DATA,-0.8275795864019737,1.1211929479307785,3.12537402143191,-0.695646212527479,0,-1
DATA,-0.7362957557176895,0.9603814486841293,1.8576781422127493,-0.8221507155086965,0,-1
DATA,-0.41821945345212713,0.8155184426372764,2.061572804959755,-0.9585588415957437,0,-1
DATA,-0.6451881478854578,0.9170019037600674,0.41540667668259207,-0.9153750603754364,0,-1
DATA,-0.5270572725859599,0.7274826262199408,3.1179329036403005,-0.8930288763589074,0,-1
DATA,-0.4967806971051895,0.6278083473454422,3.23340229072968,-0.7760555372830692,0,-1
DATA,-0.5333051499955652,0.6376898666511387,4.116612313875774,-0.6465464708846013,0,-1
DATA,-0.5249376226189633,0.4639932448453936,3.509136824415077,-0.4459632847184955,0,-1
DATA,-0.5221893237216304,0.29035606145128234,3.143294053236385,-0.2947355268578802,0,-1
DATA,-0.6190531167565354,0.2499715116015261,2.579368243461817,-0.05336114963013918,0,-1
DATA,-0.6345564681940107,-0.09530771511193113,3.3459390825768587,0.24770886825307423,0,-1
DATA,-0.8196616968994986,-0.06268543762327453,3.561959320503927,0.4418402866992876,0,-1
DATA,-0.8311271423689621,-0.2195724119607646,2.11821648072958,0.6666587391259287,0,-1
DATA,-0.8602646748087494,-0.26556277365369,3.1718671490975545,0.817441873670605,0,-1
DATA,-0.9454074743857371,-0.5136564407311142,2.058915486675602,0.9845825471541856,0,-1
DATA,-0.8345452828581985,-0.584988873375564,0.9326204133694229,1.024612330800713,0,-1
DATA,-0.882482064314082,-0.6926550201859455,1.53119305223396,0.9981736360025861,0,-1
DATA,-0.6163231549597032,-0.7542937508797513,0.7322300294781195,0.9774556534345288,0,-1
DATA,-0.37449346075394946,-0.7367884629705552,0.0997642448919549,0.8583075283359041,0,-1
DATA,-0.5566194414939258,-0.8858995980113719,2.2150256467458003,0.6323976036979773,0,-1
DATA,-0.59331909846244,-0.7907025761125193,0.95324819416999,0.49517711114331564,0,-1
DATA,-0.48343423474249964,-0.7998401909603949,1.813877551934492,0.2521981370608637,0,-1
DATA,-0.2649984027437034,-0.9687625604006205,1.5135841071590868,-0.05537981181171844,0,-1
DATA,-0.25070303045634657,-0.8991974915130123,1.4910707517261095,-0.28993222470370333,0,-1
DATA,-0.2685092684439682,-0.8477351201739297,0.05236441934869651,-0.5032189996740749,0,-1
DATA,-0.4561568042454213,-0.7831541862700945,-0.046822196983796416,-0.7142387242034451,0,-1
DATA,-0.26341314168309615,-0.8436234485330232,-0.526358098828061,-0.8405412764678338,0,-1
DATA,-0.14401463085406302,-0.6967573792852768,0.21317958597828834,-0.9482104472208477,0,-1
DATA,-0.04103812306506571,-0.6881787814190774,1.2851084993394646,-0.9066884076095458,0,-1
DATA,-0.2425178130399706,-0.47800021695330563,0.08165703616353726,-0.9560336625910485,0,-1
DATA,-0.07656845371568743,-0.2926402194888297,1.1900252634604724,-0.8686506200271756,0,-1
DATA,-0.17164733773426097,-0.20973222204060185,1.967851996838458,-0.6932906511759421,0,-1
DATA,0.025441549143888353,-0.14532694553902376,-0.31995775484593425,-0.5055086986636474,0,-1
DATA,0.2468641795465915,-0.055967728089790864,2.292719713080691,-0.21497998779660818,0,-1
DATA,0.1145885913024762,0.024834170781516597,1.582859165354436,-0.048272202817372684,0,-1
DATA,0.19325401167805814,0.30162604202451127,1.9629539256489528,0.25025086601625013,0,-1
DATA,0.5586176895072048,0.24081681827100818,0.6270924922213917,0.45017348544185043,0,-1
DATA,0.36792122599479987,0.4184025225347865,0.7696674544197595,0.6966134109921494,0,-1
DATA,0.39959476844483854,0.6539735906409103,2.925892043953072,0.9118311716026204,0,-1
DATA,0.6811329805723518,0.8000930654460902,2.5405168624291576,0.9669139266450973,0,-1
DATA,0.6611562763760435,0.8852759687616181,4.169130261361967,1.0784074655736264,0,-1
DATA,0.6367436427148714,0.9043819772701056,2.6725181998424246,1.0245914126342839,0,-1
DATA,0.7746908876971206,1.058523294540507,3.650442682582526,0.9475510099503381,0,-1
DATA,0.8867794926699619,1.0780909164019454,3.7740825445328148,0.8747330350807374,0,-1
DATA,0.732110147761783,1.0968593224063106,1.6820969201900469,0.6835853972589958,0,-1
DATA,0.9550660621910376,1.1958571281842774,0.9170176651342583,0.507011477889334,0,-1
DATA,1.0794366240123683,1.1326159771768485,0.89595741386027,0.25751508100892034,0,-1
DATA,0.7528887860014187,1.051832123656085,1.9592722577642978,-0.03394160671953071,0,-1
DATA,1.2276348747234285,1.061913333272583,1.142981831150315,-0.2924099190578882,0,-1
DATA,1.2961315479344688,1.0953018323950376,2.617028138080754,-0.5230453455785476,0,-1
DATA,0.8593164448936111,1.1328034037738937,0.5976252487287023,-0.6649201964949472,0,-1
DATA,1.1116134724770979,0.9006025570153007,0.3690476711702747,-0.8569254956755333,0,-1
DATA,1.1265943684936184,0.976940506672225,2.6012356273884203,-0.9503280720036525,0,-1
DATA,1.411389968987836,0.9179684500984422,2.13497744591617,-0.9947166879159628,0,-1
DATA,1.1452573950533722,0.7714736935363355,1.181292477683143,-0.9045357812456758,0,-1
DATA,1.1640545079499156,0.5377581596268288,2.1888663881308825,-0.8062654556829563,0,-1
DATA,1.168638750702843,0.5884054982512712,-0.8199671720335284,-0.7032674142502118,0,-1
DATA,1.0896790103226088,0.44720794873053504,0.13379909677201973,-0.4505462412291758,0,-1
DATA,1.0989787238375703,0.3373466286385499,2.131201934249149,-0.22280824485063128,0,-1
DATA,1.1818764808483158,0.2140592488980369,0.5592749543504832,-0.03709451887814728,0,-1
DATA,1.3332527348018612,-0.02040138746318708,0.47922306847827423,0.24813247962341678,0,-1
DATA,1.0082088404910197,-0.08705665877470581,1.693790503981893,0.4477226820575514,0,-1
DATA,1.163294786357056,-0.2436648057989034,0.32549860701749267,0.6550425476373017,0,-1
DATA,1.2949187032061793,-0.3717772969924367,1.5483228407083565,0.9161934769083084,0,-1
DATA,1.1028727654086738,-0.47746909775137514,2.4727460399155814,0.980709155238493,0,-1
DATA,1.1877811917589538,-0.647530954894495,2.750595954782299,1.0011997738642757,0,-1
DATA,0.9143337423382907,-0.6106733699358938,2.18272732408417,1.0626654099357566,0,-1
DATA,1.1688118370845113,-0.7632782883029535,2.6532140738695555,0.9372796739160977,0,-1
DATA,1.1085250735339591,-0.6484969683312198,0.12005187472745042,0.8003628006113136,0,-1
DATA,1.2096494856001376,-0.7354236190185561,0.4048074572768763,0.634164384659417,0,-1
DATA,1.2280306542116899,-0.789496751406819,0.5274214896380043,0.5056572864784096,0,-1
DATA,1.1884886788707678,-0.8883009312935237,2.9372857406292834,0.22575303401938424,0,-1
DATA,0.9798097058955706,-0.9277618762991362,2.452404698224096,-0.006390369546771801,0,-1
DATA,1.0999287033129548,-0.7982502725543559,3.1648360336415005,-0.2740399358722305,0,-1
DATA,0.7123394190377743,-0.8263560723671469,2.0035250972267282,-0.544059593242708,0,-1
DATA,0.6163104815023586,-0.8261856066548666,2.651736479365953,-0.6635860336510964,0,-1
DATA,0.7904359454835728,-0.7005150126361835,2.914143884926754,-0.8691163688226237,0,-1
DATA,0.46033047483720746,-0.6758809731066565,3.9532607493158958,-0.8927739528053175,0,-1
DATA,0.5534668485627259,-0.6102257542751826,1.9509631254223123,-0.9850795317759947,0,-1
DATA,0.46576385916512614,-0.3833398808896689,3.8778676107766734,-0.9527804381039349,0,-1
DATA,0.5922355809067407,-0.45570217408151337,2.576853887290134,-0.8342116022453929,0,-1
DATA,0.3921013554442717,-0.25481319216187603,3.6000262516501267,-0.6279663242092903,0,-1
DATA,0.40498828777755147,-0.09990390088777837,2.695538131065675,-0.4150544314981841,0,-1
DATA,0.4554271998742019,-0.010592552795813032,0.2490641007939753,-0.2248050540712374,0,-1
DATA,0.1635420805242209,0.016560845297142142,1.0213553043777246,0.03877805452854208,0,-1
DATA,0.14966173609115246,0.22444133286572276,2.2025419656599476,0.2504327403307288,0,-1
DATA,-0.018725187956312755,0.37960808223403364,2.365647101845375,0.4659582067042276,0,-1
DATA,0.01159030602806177,0.47947081100473493,1.558158181087221,0.720825711197038,0,-1
DATA,0.04594412843767953,0.5286032450099498,1.0107778046746336,0.9054757439462529,0,-1
DATA,-0.1344883129064855,0.6652243569333525,-0.7592123122796487,1.006474941358372,0,-1
DATA,0.028451727763745882,0.9002054799029408,2.106618439743556,1.0348476755761224,0,-1
DATA,-0.08352966536771478,0.9887743699853282,0.49906409030527654,1.0012822851265097,0,-1
DATA,-0.3550114632909861,0.8895071132081867,0.38404809796244277,0.9496024359056445,0,-1
DATA,-0.15738152614747508,1.0731992675148188,1.4874837641077625,0.8067912580363329,0,-1
DATA,-0.22183758434211398,1.0749414543227962,0.14488706676855911,0.6854092729178443,0,-1
DATA,-0.17194278200247715,1.0700933962347403,1.763146104649771,0.478611780285588,0,-1
DATA,-0.39044828745183735,1.0972490521325489,1.2825663546861006,0.2429028108606287,0,-1
DATA,-0.6684281359670126,1.0936602503295916,2.387420188616736,-0.09012123236610173,0,-1
DATA,-0.5997157718172962,1.012590033331279,1.8203499821077291,-0.2493853367788318,0,-1
DATA,-0.3043999258843102,1.1525782989280042,2.7051719839183104,-0.5375810202497963,0,-1
DATA,-0.5459009922503044,1.113275951606832,-0.03434032254933636,-0.7403298131583869,0,-1
DATA,-0.598490835085812,0.8608972106206652,3.2416494620283993,-0.836521622233611,0,-1
DATA,-0.6073194261824748,0.8158654399520282,2.126936596487811,-0.9062931107143088,0,-1
DATA,-0.519861231552345,0.8920471252199835,0.7497723704983603,-0.9860615922003395,0,-1
DATA,-0.61032052836738,0.7673597865458379,3.8447635707310246,-0.9495824633789408,0,-1
DATA,-0.6710788048961747,0.5033918964393335,1.7234847366993713,-0.7928270689250492,0,-1
DATA,-0.6840106796148275,0.4442441664338573,1.0170084887090753,-0.6705224579276289,0,-1
DATA,-0.5840653365540494,0.4630943594433774,1.0576872048079582,-0.49441244904037834,0,-1
DATA,-0.9167855972043653,0.21374642604315244,1.853376507675579,-0.25242069560295116,0,-1
DATA,-0.618905190920079,0.13158133640253875,3.3832569596677,-0.0029245748655376894,0,-1
DATA,-0.9593656834552818,0.11255983582844584,3.5031134998572164,0.27874813753395344,0,-1
DATA,-0.7752859031807857,-0.0970268194117932,3.5691225152026176,0.5480267477457299,0,-1
DATA,-0.8500327925970984,-0.16458422020125588,2.902516145812373,0.7200390154441169,0,-1
DATA,-0.8109747413632359,-0.36903756528549403,2.4429362523715987,0.8700266410563651,0,-1
DATA,-0.523365436716065,-0.34765773703233244,1.6549545660781761,1.0319235788263805,0,-1
DATA,-0.5512450275127772,-0.5585966207964628,2.4909267643970985,1.0486539107896855,0,-1
DATA,-0.4447948771636392,-0.6363529069401579,1.8512155492411317,1.0859691456296534,0,-1
DATA,-0.561888308742172,-0.6740569611969021,1.4067810347403007,0.9943926152577509,0,-1
DATA,-0.44710211789688514,-0.6782086853396219,1.4930428005178586,0.8692878652517022,0,-1
DATA,-0.6046316388521724,-0.8330944696515177,1.448209989084603,0.693755151556233,0,-1
DATA,-0.3182840442364149,-0.8255743550949144,0.49062292471880825,0.4276818486698932,0,-1
DATA,-0.2799015438335033,-0.8157488847931706,1.4474372224661158,0.23315338617552128,0,-1
DATA,-0.3788745181956541,-0.98090382489821,0.9497431586193772,-0.07796741738722004,0,-1
DATA,-0.2727814323993031,-0.830588005021094,-0.297271080214361,-0.3160977486394985,0,-1
DATA,-0.5640781687100109,-0.8836014571618256,-0.22431541182900838,-0.5641556804120609,0,-1
DATA,-0.4253210373743415,-0.7664315922903331,2.125668151598556,-0.6632661179756735,0,-1
DATA,-0.33462397391202175,-0.6548787549200079,1.842062985068017,-0.8443785237264153,0,-1
DATA,-0.20337148326128845,-0.5561720505903944,-0.0774923887404082,-0.9375185548007348,0,-1
DATA,-0.11442878599135359,-0.6232954834432322,2.380515458783046,-0.9793093620349137,0,-1
DATA,0.08136293104033432,-0.3972243885353425,0.8116272830210841,-0.9576371447325237,0,-1
DATA,-0.2108768582670284,-0.4380408892544039,0.920934207594972,-0.78286551580258,0,-1
DATA,0.13713529897152868,-0.35159221899766335,1.279601513590243,-0.6608657468449322,0,-1
DATA,-0.08001693224463471,-0.20268651058636522,1.2510758934698394,-0.4113188088047459,0,-1
DATA,-0.062729994712406,-0.11405617005485871,0.6833531000528454,-0.25748510246543316,0,-1
DATA,0.12202610508030708,0.2031933406058162,1.6543806145810875,0.04849423023362824,0,-1
DATA,0.4611506132442925,0.28674118721049563,1.9257843913110413,0.30452669485903994,0,-1
DATA,0.3581324109280387,0.3648695151588148,3.396534522105704,0.4791703916768162,0,-1
DATA,0.3948547929610421,0.46662790340808663,2.0806029948205076,0.7032911814979675,0,-1
DATA,0.27055687081580326,0.5694072413699444,3.133936605307833,0.9198665948781465,0,-1
DATA,0.3099757548192619,0.6284981697016545,1.4198683727739612,0.9529060214714064,0,-1
DATA,0.6673640441005575,0.6878593740641118,2.855762572806575,1.06863528692388,0,-1
DATA,0.8964873220482199,0.955430648293952,2.097180406623008,1.0404263312497704,0,-1
DATA,0.8844606249308731,0.8779189934447761,2.2501149092534374,0.9560767176428794,0,-1
DATA,0.578550794296235,0.9018122868214169,2.823182963518669,0.8214924875381739,0,-1
DATA,0.7876474934303426,1.0602123998864836,1.7458452632982224,0.6061323906258052,0,-1
DATA,0.6800881111406055,1.0253725196863095,0.8961676770294273,0.41320634566209435,0,-1
DATA,0.7576940654789603,1.2456379331160763,2.940662593792873,0.24394400588477777,0,-1
DATA,0.9811998604373896,1.1112323147157568,3.9528734919279453,-0.10301412385646028,0,-1
DATA,1.2532413220565313,1.1890258953711308,2.123556617232251,-0.3161378935816086,0,-1
DATA,1.040868370062948,1.1909331391608928,0.8065195004482414,-0.5320466400386366,0,-1
DATA,1.006029972876723,0.9942511495927703,2.774986174724503,-0.6619170155766656,0,-1
DATA,1.287746135683302,0.881559006786409,0.19696463666937894,-0.8652270243608143,0,-1
DATA,0.9475218342839908,1.008441131923944,0.6155876396775173,-0.8841936084400742,0,-1
DATA,1.114009517548053,0.7361494369721324,2.3212845567149274,-0.9561654090856906,0,-1
DATA,0.9939725607055712,0.6636889401001436,-0.3847092805900868,-0.8735206414264448,0,-1
DATA,1.117183893276375,0.5001978839243517,2.453779782011985,-0.8051419066383014,0,-1
DATA,1.1451043392347346,0.5119289717256001,0.046442699962157774,-0.6828460609598266,0,-1
DATA,1.2743534683498239,0.47824377708196963,-0.33431584425132366,-0.4686179568880907,0,-1
DATA,1.0746798721013797,0.29498643960999504,1.1640867679055509,-0.19032632476599362,0,-1
DATA,1.0702958555591828,0.09830401808128805,-0.9917986622575751,-0.0009979537859645948,0,-1
DATA,1.1067701096177158,0.002628496876841774,-0.6991088515232794,0.25655078200633064,0,-1
DATA,1.0039939733895422,-0.20577358005155624,1.5829489369289376,0.511416895625955,0,-1
DATA,1.0563243602621826,-0.23926026094785718,-0.7382029355319994,0.7345006507158293,0,-1
DATA,1.3964483172881366,-0.28438444147970743,2.57717364133783,0.8676140225833617,0,-1
DATA,1.0288463502292642,-0.5090217111221946,2.4690471286878766,0.99398767563928,0,-1
DATA,1.1757576038315063,-0.6576891042940507,1.7581723946409529,1.055677956394975,0,-1
DATA,1.389399541151173,-0.5913312248872392,0.003554003223223412,1.0659453781469552,0,-1
DATA,1.3121509615590932,-0.708132325904106,2.0314000531584084,1.0045398008403716,0,-1
DATA,0.9152396223686239,-0.7667137584100998,0.4574239846827689,0.7999355617249451,0,-1
DATA,1.1191634950824514,-0.8687317762590788,2.9444487209410077,0.6085082699062756,0,-1
DATA,1.2298142213437964,-0.8579898751841286,3.651091925068671,0.4470780705079809,0,-1
DATA,0.7695611920314696,-0.8889072073781544,2.070485899333322,0.24096615094323048,0,-1
DATA,0.9966188291826061,-0.8191021200140483,2.375369342286381,-0.05485665557882517,0,-1
DATA,1.118934075917204,-0.9405114746278321,1.7103054964064832,-0.28030667521978947,0,-1
DATA,0.986364785493764,-0.7830819554339734,3.2248206325825164,-0.5345987232505204,0,-1
DATA,0.9050904621590621,-0.8437995121320877,1.0905193130026793,-0.7119326545820546,0,-1
DATA,0.8296951947531425,-0.6237130706714245,1.5000051756224535,-0.8729095153225807,0,-1
DATA,0.6541225722242918,-0.5811092943103946,3.978029617056724,-0.926476224408503,0,-1
DATA,0.8573180857521888,-0.5471038666540959,1.3969802501548354,-0.9865296398133785,0,-1
DATA,0.4322300089387608,-0.434380006854728,3.6205462925313037,-0.9215547268063774,0,-1
DATA,0.6087339069362,-0.39760295726184836,1.7847214857155613,-0.7953212795697876,0,-1
DATA,0.4366690118811587,-0.3500715741210647,3.605247522572239,-0.5972936529130933,0,-1
DATA,0.5811547485207428,-0.019567443842514104,2.7051756269861307,-0.45661409738868985,0,-1
DATA,0.49466130859628377,-0.02954216678792987,0.2445749718542665,-0.23097227167426534,0,-1
DATA,0.032235230056713554,0.1801261482842023,2.715161531735853,0.02721509086389724,0,-1
DATA,0.0404327978778917,0.17802852828398152,1.575117876591681,0.2823489651295348,0,-1
DATA,0.12606362511199343,0.2500573954573143,0.45089635317620325,0.542899581856419,0,-1
DATA,0.12128947816464192,0.5291799034554113,2.5837029219541217,0.7513568964702761,0,-1
DATA,-0.011096078764429668,0.6933765517108126,0.622328217446167,0.9212184014900676,0,-1
DATA,0.13017637085066797,0.7942265472146949,0.5150440533039075,0.97446365084825,0,-1
DATA,-0.27705708775391025,0.8122848352627123,0.47952295627815134,1.087944900995029,0,-1
DATA,-0.04585112755399828,0.7857621705688019,-0.8987415906306612,0.9908053934373081,0,-1
DATA,-0.37724286808602825,0.9528247647229876,-0.18105230919540893,0.9190932392121296,0,-1
DATA,-0.3767077486298213,0.9365257055057248,-0.8403295564841844,0.8055654771054254,0,-1
DATA,-0.5321377975736932,1.0508428217833685,2.1751159498465698,0.6376323061752858,0,-1
DATA,-0.41944622180522073,1.1339493386289066,2.089325595025902,0.38083621433093495,0,-1
DATA,-0.6328099125269868,1.1491143749569286,2.4509895671196613,0.23328887952900768,0,-1
DATA,-0.2806056137924918,1.0761873643208164,-0.09852134249383171,-0.08658219930061778,0,-1
DATA,-0.42220591019806164,1.1079579626254419,2.164995461104722,-0.351988196151662,0,-1
DATA,-0.6952761118538741,1.104834152442992,2.7857347037211855,-0.49176847932982587,0,-1
DATA,-0.4299492977034152,1.077915900354929,1.1683776101572172,-0.6739197042653383,0,-1
DATA,-0.760134120613885,1.0782539882220343,2.859719673262925,-0.8080291595357877,0,-1
DATA,-0.851273257741936,0.7891031571156079,0.4675553124584313,-0.9550993410346399,0,-1
DATA,-0.8195805843980082,0.8865574998401482,2.2758561244739632,-0.9763418970890543,0,-1
DATA,-0.5819175636936511,0.7353796249787299,2.109333083082713,-0.9311658144500955,0,-1
DATA,-0.8364703012163517,0.513753100473719,1.6677609471172972,-0.8213508929181785,0,-1
DATA,-0.7156661243801516,0.379379806465442,1.1220376437584745,-0.6716132184070044,0,-1
DATA,-0.6185148351414577,0.36878511994980345,1.5707416073450013,-0.4848913669828326,0,-1
DATA,-0.6651321909968365,0.3251493649374433,3.1671646832470524,-0.25054668255090495,0,-1
DATA,-0.9412698784616453,0.21460987175976226,1.0794560485939075,0.031717185593462156,0,-1
DATA,-0.6375508933663402,0.07769340761387274,1.7422785967050094,0.2988970366938225,0,-1
DATA,-0.8241595032064513,-0.10853327461383983,1.6509600956735886,0.5718675134839338,0,-1
DATA,-0.8791692353000572,-0.3440172461814811,3.8716643657533125,0.7147533625306964,0,-1
DATA,-0.8759970441103935,-0.4607249873702475,3.3748432770169154,0.9211619541342875,0,-1
DATA,-0.7375534418788257,-0.47350111982239584,3.4132432986635814,1.0451983906852862,0,-1
DATA,-0.8452631197044094,-0.5866552469030517,0.44475919772291156,1.0906184445135967,0,-1
DATA,-0.8512605968809392,-0.5214174704929994,3.0250471391992027,1.0342086623790596,0,-1
DATA,-0.4136952132550442,-0.7027617721287635,0.5581561048371986,0.9930464058986078,0,-1
DATA,-0.3699067715108315,-0.7492956583880426,1.2056937865639328,0.8425096636392174,0,-1
DATA,-0.31205189955453905,-0.7242850781505278,0.29240629587044087,0.6437460835958055,0,-1
DATA,-0.5421576449557064,-0.8260442775944026,0.03993604194104555,0.46327072251559065,0,-1
DATA,-0.6165089414073313,-0.8322184362280037,2.5287514851000767,0.22245976130154332,0,-1
DATA,-0.6785527546655059,-0.8776869503610185,2.0301850547963665,-0.09562489659383136,0,-1
DATA,-0.5369478276384392,-0.9754039492173272,0.5202304042115367,-0.27603246123846537,0,-1
DATA,-0.10472791352291666,-0.9340824126542014,-0.07968761129050572,-0.5635804506938171,0,-1
DATA,-0.4880922214779186,-0.8377879341259398,0.098925056707999,-0.7185806031221494,0,-1
DATA,-0.47209136914867256,-0.7885722158740169,0.03913421701539099,-0.8350305084429323,0,-1
DATA,-0.08631365918676981,-0.7437699610303119,-0.59632226738658,-0.8832282724177443,0,-1
DATA,-0.29956881879812053,-0.675559273651464,0.47730696477643164,-0.982605100305566,0,-1
DATA,0.13404098168858108,-0.395110415099388,-0.35550846131490327,-0.8664664427518303,0,-1
DATA,-0.18940277767674285,-0.3161672175971675,0.3436709055650168,-0.7780436764915681,0,-1
DATA,0.077187195725542,-0.24865467535468122,2.733091485027166,-0.6623647986432841,0,-1
DATA,0.2258082990213652,-0.08703883077215502,2.611730388767498,-0.4330349504136422,0,-1
DATA,0.14015984008758464,-0.03290353481076913,1.001941104442595,-0.22390964801563,0,-1
DATA,0.15338700695928204,0.11738136391833916,1.6421642232479698,0.03871909128699374,0,-1
