CMD,D,D,D,D,D,D,D,D,D,D,D,D,D,D,D,D,TLAST,TKEEP
DATA,0,0,0,0,0,0,0,0,0,0,0,0,0,0,0,0,0,-1
DATA,0,0,0,0,0,0,0,0,0,1,1,1,1,1,1,1,0,-1
DATA,1,1,2,2,2,2,3,3,3,3,3,3,4,4,4,5,0,-1
DATA,6,6,7,7,7,8,8,8,9,10,10,10,10,10,10,10,0,-1
DATA,10,10,11,11,10,10,10,10,10,10,10,9,9,8,9,7,0,-1
DATA,7,7,7,6,5,5,4,4,4,4,4,3,3,3,3,2,0,-1
DATA,2,2,2,1,1,1,1,1,1,1,0,0,0,0,0,0,0,-1
DATA,0,0,0,0,0,0,0,0,0,0,0,0,0,0,0,0,0,-1
DATA,0,0,0,0,0,0,0,0,0,0,0,0,0,0,0,0,0,-1
DATA,0,0,0,0,0,0,0,0,0,0,0,1,1,1,1,1,0,-1
DATA,1,1,1,1,2,2,3,3,3,3,3,4,4,5,4,6,0,-1
DATA,6,7,7,7,8,8,8,10,10,10,10,11,12,11,11,11,0,-1
DATA,11,12,12,12,13,13,12,12,12,12,11,12,11,10,10,10,0,-1
DATA,9,9,9,9,8,7,7,7,5,5,4,4,3,3,3,3,0,-1
DATA,3,2,2,2,1,2,1,1,1,1,1,1,1,1,0,0,0,-1
DATA,0,0,0,0,0,0,0,0,0,0,0,0,0,0,0,0,0,-1
DATA,0,0,0,0,0,0,0,0,0,0,0,0,0,0,0,0,0,-1
DATA,0,0,0,0,0,0,0,0,0,0,0,0,0,1,1,1,0,-1
DATA,1,2,2,2,2,2,3,3,3,3,3,3,4,4,4,6,0,-1
DATA,6,7,7,8,9,8,8,9,10,11,11,11,12,13,13,14,0,-1
DATA,15,14,14,15,15,15,15,15,14,14,14,14,14,13,13,13,0,-1
DATA,12,12,11,10,10,10,9,8,8,8,7,6,5,4,4,3,0,-1
DATA,3,4,4,3,3,3,3,2,2,2,1,1,1,1,1,1,0,-1
DATA,1,1,1,0,0,0,0,0,0,0,0,0,0,0,0,0,0,-1
DATA,0,0,0,0,0,0,0,0,0,0,0,0,0,0,0,0,0,-1
DATA,0,0,0,0,0,0,0,0,0,0,0,0,0,0,1,1,0,-1
DATA,1,1,1,2,2,2,2,2,3,3,3,3,4,5,5,5,0,-1
DATA,5,8,8,7,8,9,9,10,10,11,11,13,13,13,13,14,0,-1
DATA,15,15,16,16,16,17,17,17,17,17,16,16,16,16,16,15,0,-1
DATA,15,14,15,14,13,12,12,10,10,9,8,9,8,7,8,6,0,-1
DATA,6,5,4,4,4,3,3,3,3,2,2,2,1,1,1,1,0,-1
DATA,1,1,1,1,1,0,0,0,0,0,0,0,0,0,0,0,0,-1
DATA,0,0,0,0,0,0,0,0,0,0,0,0,0,0,0,0,0,-1
DATA,0,0,0,0,0,0,0,0,0,0,0,0,0,0,0,0,0,-1
DATA,1,1,1,1,1,2,3,2,2,3,3,3,4,4,4,5,0,-1
DATA,6,6,7,8,8,9,9,10,11,11,12,14,14,15,16,16,0,-1
DATA,16,17,17,17,18,18,18,18,19,19,19,19,18,18,18,18,0,-1
DATA,18,17,17,16,16,16,15,15,14,12,12,10,10,10,9,8,0,-1
DATA,8,7,6,6,5,4,4,4,3,3,3,2,2,2,1,1,0,-1
DATA,1,1,1,1,1,1,1,0,0,0,0,0,0,0,0,0,0,-1
DATA,0,0,0,0,0,0,0,0,0,0,0,0,0,0,0,0,0,-1
DATA,0,0,0,0,0,0,0,0,0,0,0,0,0,0,1,1,0,-1
DATA,1,1,1,1,1,1,1,2,3,3,3,3,4,4,5,5,0,-1
DATA,5,6,7,8,8,9,10,10,11,12,13,14,14,16,15,17,0,-1
DATA,17,18,19,19,19,19,20,21,21,22,22,22,22,22,22,22,0,-1
DATA,21,21,20,19,19,18,17,16,17,16,16,15,14,13,12,11,0,-1
DATA,10,11,9,8,8,7,7,6,5,5,4,3,3,3,3,3,0,-1
DATA,2,2,1,1,1,1,1,1,1,1,1,0,0,0,0,0,0,-1
DATA,0,0,0,0,0,0,0,0,0,0,0,0,0,0,0,0,0,-1
DATA,0,0,0,0,0,0,0,0,0,0,0,0,0,0,0,0,0,-1
DATA,1,1,1,1,1,1,1,1,1,2,3,3,3,3,4,4,0,-1
DATA,6,6,6,7,8,9,9,10,11,11,12,14,15,16,16,18,0,-1
DATA,19,20,20,21,22,22,23,24,25,25,24,24,25,25,25,25,0,-1
DATA,25,25,24,24,23,22,22,22,20,20,19,18,17,17,16,15,0,-1
DATA,15,13,13,13,11,10,8,7,7,7,6,5,5,3,3,3,0,-1
DATA,3,3,2,2,1,1,1,1,1,1,1,1,1,0,0,0,0,-1
DATA,0,0,0,0,0,0,0,0,0,0,0,0,0,0,0,0,0,-1
DATA,0,0,0,0,0,0,0,0,0,0,0,0,0,0,0,0,0,-1
DATA,0,1,1,1,1,1,1,1,1,2,3,3,3,3,3,4,0,-1
DATA,4,5,6,6,7,8,9,10,11,12,13,14,15,16,17,18,0,-1
DATA,19,20,21,22,23,24,25,25,26,27,28,29,29,29,28,29,0,-1
DATA,29,29,28,28,29,29,28,26,26,25,24,23,22,22,20,19,0,-1
DATA,18,17,16,15,13,14,13,11,11,10,8,8,7,5,5,5,0,-1
DATA,4,4,4,4,3,3,2,2,1,1,1,1,1,1,1,1,0,-1
DATA,1,0,0,0,0,0,0,0,0,0,0,0,0,0,0,0,0,-1
DATA,0,0,0,0,0,0,0,0,0,0,0,0,0,0,0,0,0,-1
DATA,0,0,0,1,1,1,1,1,1,1,1,1,3,3,3,3,0,-1
DATA,3,4,5,6,8,7,8,9,11,12,13,14,15,16,17,18,0,-1
DATA,19,20,22,23,24,25,26,27,28,30,31,32,32,33,35,35,0,-1
DATA,35,36,35,35,34,34,33,33,32,31,30,29,28,27,27,25,0,-1
DATA,23,21,20,19,18,17,16,15,15,13,12,10,10,9,7,6,0,-1
DATA,6,6,5,4,4,4,3,3,2,2,1,1,1,1,1,1,0,-1
DATA,1,1,1,0,0,0,0,0,0,0,0,0,0,0,0,0,0,-1
DATA,0,0,0,0,0,0,0,0,0,0,0,0,0,0,0,0,0,-1
DATA,0,0,1,1,1,1,1,1,1,1,1,2,2,3,3,4,0,-1
DATA,4,5,5,6,6,7,8,9,10,11,12,13,14,15,17,18,0,-1
DATA,19,20,22,24,24,26,27,29,31,32,33,36,37,37,37,39,0,-1
DATA,40,40,40,40,39,40,41,40,39,39,37,36,34,33,32,31,0,-1
DATA,29,27,25,25,24,23,21,20,18,17,16,14,14,13,11,9,0,-1
DATA,8,9,7,7,6,5,3,3,3,3,3,3,2,2,2,1,0,-1
DATA,1,1,1,1,1,0,0,0,0,0,0,0,0,0,0,0,0,-1
DATA,0,0,0,0,0,0,0,0,0,0,0,0,0,0,0,0,0,-1
DATA,0,0,0,0,1,1,1,1,1,1,1,1,1,2,2,3,0,-1
DATA,3,4,5,4,5,6,8,8,10,10,12,13,14,15,17,17,0,-1
DATA,18,20,21,23,25,27,28,31,32,34,36,36,38,40,41,43,0,-1
DATA,45,46,47,48,48,48,48,47,47,46,46,45,44,41,40,39,0,-1
DATA,38,36,34,32,30,28,27,26,23,23,21,19,18,17,17,15,0,-1
DATA,13,11,11,10,9,8,7,6,5,4,4,3,3,3,2,2,0,-1
DATA,2,1,1,1,1,1,1,0,0,0,0,0,0,0,0,0,0,-1
DATA,0,0,0,0,0,0,0,0,0,0,0,0,0,0,0,0,0,-1
DATA,0,0,0,0,1,1,1,1,1,1,2,2,2,2,2,3,0,-1
DATA,3,4,4,4,4,6,7,8,9,10,11,11,13,14,15,17,0,-1
DATA,18,20,22,24,25,27,28,30,32,35,37,40,41,43,44,46,0,-1
DATA,48,50,53,54,56,56,56,56,57,56,56,55,54,53,51,49,0,-1
DATA,48,46,44,42,39,38,36,33,30,29,27,26,24,22,20,19,0,-1
DATA,17,16,14,13,12,11,10,8,7,7,6,4,5,4,4,4,0,-1
DATA,3,3,2,1,1,1,1,1,1,1,1,1,0,0,0,0,0,-1
DATA,0,0,0,0,0,0,0,0,0,0,0,0,0,0,0,0,0,-1
DATA,0,0,0,0,0,0,1,1,1,1,1,1,2,2,2,2,0,-1
DATA,3,3,3,4,4,4,6,7,8,9,9,10,12,13,15,16,0,-1
DATA,17,19,21,23,25,26,28,31,33,35,38,41,43,46,48,51,0,-1
DATA,53,56,58,60,61,61,61,61,61,61,61,62,61,61,60,60,0,-1
DATA,60,59,57,54,51,50,46,43,41,38,36,34,31,29,28,25,0,-1
DATA,24,22,19,18,17,14,14,12,11,10,8,8,7,6,5,4,0,-1
DATA,4,4,3,3,2,2,2,1,1,1,1,1,1,1,0,0,0,-1
DATA,0,0,0,0,0,0,0,0,0,0,0,0,0,0,0,0,0,-1
DATA,0,0,0,0,0,0,0,0,1,1,1,1,1,1,2,2,0,-1
DATA,2,2,3,3,3,4,4,5,7,8,9,10,11,12,14,16,0,-1
DATA,16,17,19,22,22,26,28,29,32,35,38,40,44,47,51,54,0,-1
DATA,56,59,62,63,63,68,77,88,101,112,119,123,124,122,112,102,0,-1
DATA,91,78,69,64,61,62,60,57,55,52,48,43,41,38,35,34,0,-1
DATA,31,28,26,25,22,21,19,16,15,14,13,11,10,9,8,7,0,-1
DATA,6,5,4,3,3,3,3,2,2,1,1,1,1,1,1,1,0,-1
DATA,0,0,0,0,0,0,0,0,0,0,0,0,0,0,0,0,0,-1
DATA,0,0,0,0,0,0,0,0,0,0,1,1,1,1,1,1,0,-1
DATA,2,2,2,2,2,4,4,4,5,6,7,8,10,11,13,14,0,-1
DATA,15,17,17,20,23,24,26,29,31,33,37,40,44,47,51,56,0,-1
DATA,59,62,63,65,77,103,134,162,183,196,204,209,211,211,211,210,0,-1
DATA,207,203,195,182,161,136,107,81,66,63,62,61,56,52,47,44,0,-1
DATA,42,39,34,32,30,28,25,23,21,19,17,16,15,12,11,11,0,-1
DATA,9,8,7,6,4,4,3,3,3,3,2,2,2,1,1,1,0,-1
DATA,1,1,1,0,0,0,0,0,0,0,0,0,0,0,0,0,0,-1
DATA,0,0,0,0,0,0,0,0,0,0,0,0,1,1,1,1,0,-1
DATA,1,1,2,2,2,3,3,4,4,5,6,7,8,9,11,13,0,-1
DATA,14,15,17,18,20,23,25,26,29,33,36,38,42,47,51,55,0,-1
DATA,60,64,64,72,101,144,184,205,216,216,212,211,208,207,206,206,0,-1
DATA,206,207,205,204,207,210,212,211,204,183,147,107,75,64,64,61,0,-1
DATA,56,51,47,43,40,37,33,31,27,24,23,21,19,17,16,13,0,-1
DATA,13,12,10,8,8,6,6,4,4,3,3,3,2,2,2,1,0,-1
DATA,1,1,1,1,1,0,0,0,0,0,0,0,0,0,0,0,0,-1
DATA,0,0,0,0,0,0,0,0,0,0,0,0,0,0,1,1,0,-1
DATA,1,1,2,2,2,2,3,4,4,4,5,6,7,8,9,10,0,-1
DATA,12,14,15,17,19,21,23,25,28,30,35,37,41,44,49,54,0,-1
DATA,58,63,64,73,113,169,205,216,215,206,203,206,212,216,220,222,0,-1
DATA,222,223,224,222,214,207,205,203,201,200,202,209,212,200,169,121,0,-1
DATA,79,66,65,60,55,50,46,41,38,35,31,28,25,23,21,19,0,-1
DATA,17,15,14,12,11,10,9,8,7,5,4,4,4,3,3,2,0,-1
DATA,2,2,2,1,1,1,1,0,0,0,0,0,0,0,0,0,0,-1
DATA,0,0,0,0,0,0,0,0,0,0,0,0,0,0,0,0,0,-1
DATA,1,1,1,1,2,2,2,2,3,3,4,5,6,7,8,10,0,-1
DATA,11,12,13,15,16,18,20,23,25,28,31,35,39,42,47,52,0,-1
DATA,57,62,65,69,107,172,211,218,207,199,199,207,214,215,214,213,0,-1
DATA,212,212,212,211,212,210,205,205,205,205,207,207,204,198,197,203,0,-1
DATA,212,207,173,116,73,65,63,58,54,48,43,39,35,31,28,27,0,-1
DATA,24,21,19,17,15,14,12,12,10,9,8,6,5,5,4,3,0,-1
DATA,3,2,2,2,2,1,1,1,1,0,0,0,0,0,0,0,0,-1
DATA,0,0,0,0,0,0,0,0,0,0,0,0,0,0,0,1,0,-1
DATA,1,1,1,1,1,1,2,2,3,3,3,4,5,5,7,8,0,-1
DATA,9,10,12,13,14,16,18,21,23,25,27,31,35,39,42,48,0,-1
DATA,54,59,64,65,87,154,205,221,210,198,201,213,218,216,211,208,0,-1
DATA,208,207,209,211,210,211,210,206,204,203,202,202,202,203,204,206,0,-1
DATA,205,200,196,204,215,201,158,95,67,65,61,55,49,44,40,37,0,-1
DATA,33,29,25,24,21,19,17,16,14,12,11,10,8,7,5,5,0,-1
DATA,4,4,4,2,2,2,2,1,0,1,1,1,1,1,0,0,0,-1
DATA,0,0,0,0,0,0,0,0,0,0,0,0,0,0,0,0,0,-1
DATA,0,1,1,1,1,1,1,1,2,2,3,3,3,5,6,7,0,-1
DATA,8,9,10,11,13,14,16,18,20,23,25,28,31,35,40,44,0,-1
DATA,49,54,61,65,69,118,194,219,212,196,201,218,220,222,218,211,0,-1
DATA,210,209,208,208,210,212,214,211,209,207,207,205,205,205,205,204,0,-1
DATA,203,202,203,204,204,199,193,205,213,190,127,72,66,62,57,51,0,-1
DATA,45,40,37,33,29,26,23,21,19,17,15,13,12,11,9,7,0,-1
DATA,7,6,4,4,4,2,2,2,2,1,1,1,1,1,1,1,0,-1
DATA,0,0,0,0,0,0,0,0,0,0,0,0,0,0,0,0,0,-1
DATA,0,0,1,1,1,1,1,1,1,2,3,3,4,4,4,6,0,-1
DATA,7,7,8,10,11,13,14,16,17,20,22,25,28,32,35,38,0,-1
DATA,43,50,57,62,67,74,139,212,217,198,191,215,231,218,217,219,0,-1
DATA,211,209,211,211,212,212,214,215,216,214,213,213,211,211,210,209,0,-1
DATA,208,206,204,204,204,203,203,207,202,192,194,209,207,148,79,67,0,-1
DATA,63,58,51,45,40,36,33,29,25,23,21,18,16,14,13,11,0,-1
DATA,9,9,8,7,6,4,4,3,3,2,2,1,1,1,1,1,0,-1
DATA,1,1,0,0,0,0,0,0,0,0,0,0,0,0,0,0,0,-1
DATA,0,0,0,0,1,1,1,1,1,1,1,2,3,3,4,4,0,-1
DATA,4,6,7,8,8,10,13,15,15,17,19,22,24,26,31,35,0,-1
DATA,39,43,50,57,63,68,77,146,215,215,193,197,234,247,226,219,0,-1
DATA,219,213,213,214,215,216,218,218,220,221,221,221,222,221,219,218,0,-1
DATA,217,216,215,213,210,209,206,206,205,204,205,206,196,190,205,212,0,-1
DATA,156,82,68,65,58,51,45,40,35,32,28,25,23,20,18,16,0,-1
DATA,14,12,11,9,8,7,6,4,4,3,3,2,2,1,1,1,0,-1
DATA,1,1,1,1,0,0,0,0,0,0,0,0,0,0,0,0,0,-1
DATA,0,0,0,0,0,0,1,1,1,1,1,2,1,2,3,3,0,-1
DATA,4,4,5,6,7,9,9,11,14,15,17,18,21,24,27,30,0,-1
DATA,34,38,43,49,56,63,68,79,154,216,216,191,204,245,251,227,0,-1
DATA,218,220,215,215,217,219,220,222,224,224,225,226,227,226,226,226,0,-1
DATA,225,224,223,222,221,218,217,215,210,209,207,205,205,206,207,199,0,-1
DATA,188,205,212,158,86,69,64,57,51,45,39,36,31,27,25,22,0,-1
DATA,19,17,15,13,11,11,8,7,6,4,4,3,3,2,2,1,0,-1
DATA,1,1,1,1,1,1,0,0,0,0,0,0,0,0,0,0,0,-1
DATA,0,0,0,0,0,0,0,1,1,1,1,1,2,3,2,3,0,-1
DATA,3,3,3,4,5,7,8,9,10,12,14,17,18,20,23,26,0,-1
DATA,30,34,38,44,49,56,63,68,78,160,217,214,191,202,245,252,0,-1
DATA,234,219,223,218,217,219,221,223,226,229,231,231,231,232,233,233,0,-1
DATA,232,231,231,230,229,228,225,223,222,220,217,216,212,209,207,206,0,-1
DATA,206,207,197,189,206,209,166,88,68,64,58,50,44,39,35,31,0,-1
DATA,27,24,21,18,17,15,13,12,9,8,7,6,4,3,3,3,0,-1
DATA,3,2,2,2,1,1,1,0,0,0,0,0,0,0,0,0,0,-1
DATA,0,0,0,0,0,0,0,0,0,1,1,1,1,1,2,3,0,-1
DATA,2,3,3,3,4,5,7,8,9,10,11,14,15,18,20,22,0,-1
DATA,25,28,32,37,42,49,55,62,68,74,152,218,214,192,196,242,0,-1
DATA,254,244,222,225,223,221,222,224,226,228,230,234,236,237,237,237,0,-1
DATA,238,239,239,238,238,237,235,233,231,229,227,225,222,221,217,216,0,-1
DATA,212,209,208,207,208,196,188,205,211,163,80,69,64,57,49,43,0,-1
DATA,37,33,29,26,23,20,17,16,14,12,10,9,8,7,6,4,0,-1
DATA,4,3,3,2,2,2,1,1,1,0,0,0,0,0,0,0,0,-1
DATA,0,0,0,0,0,0,0,0,0,0,0,1,1,1,1,1,0,-1
DATA,2,2,3,3,3,4,4,6,8,8,9,11,13,15,16,18,0,-1
DATA,20,24,26,31,35,39,46,54,60,68,70,130,214,217,194,189,0,-1
DATA,234,253,250,233,223,226,222,224,227,228,231,233,236,238,240,241,0,-1
DATA,241,242,242,241,241,241,240,241,240,238,237,235,232,229,227,224,0,-1
DATA,222,220,216,215,212,208,208,206,192,187,207,209,140,73,69,62,0,-1
DATA,54,47,41,36,32,28,25,21,19,16,15,13,11,10,8,7,0,-1
DATA,6,4,3,3,3,2,2,2,2,1,1,1,1,1,0,0,0,-1
DATA,0,0,0,0,0,0,0,0,0,0,0,0,0,1,1,1,0,-1
DATA,1,1,2,2,3,3,3,4,4,7,8,8,9,12,14,15,0,-1
DATA,17,19,22,25,30,33,38,44,52,59,66,70,104,200,220,197,0,-1
DATA,185,217,252,252,246,225,227,224,225,228,230,233,237,239,240,240,0,-1
DATA,241,241,241,242,242,242,242,242,242,241,241,241,241,240,238,235,0,-1
DATA,233,230,226,223,221,218,216,212,209,209,206,188,190,211,198,116,0,-1
DATA,71,69,60,54,45,40,35,31,27,23,20,18,16,14,12,11,0,-1
DATA,10,8,7,5,4,3,3,3,2,2,2,1,1,1,1,1,0,-1
DATA,0,0,0,0,0,0,0,0,0,0,0,0,0,1,1,1,0,-1
DATA,1,1,1,1,2,3,3,3,3,4,5,6,7,9,11,12,0,-1
DATA,14,16,18,22,24,26,31,36,40,48,56,64,70,83,176,222,0,-1
DATA,202,188,199,246,251,247,233,222,226,226,230,232,234,237,240,242,0,-1
DATA,242,241,241,242,242,242,243,242,242,242,242,242,242,242,242,241,0,-1
DATA,240,239,237,235,231,228,224,221,219,216,212,210,211,200,186,196,0,-1
DATA,214,177,91,71,66,59,49,43,38,32,27,24,22,19,18,15,0,-1
DATA,13,12,10,8,7,5,5,4,3,3,3,3,2,1,1,1,0,-1
DATA,1,1,0,0,0,0,0,0,0,0,0,0,0,0,0,1,0,-1
DATA,1,1,1,1,1,1,2,3,3,3,3,4,6,7,8,10,0,-1
DATA,12,13,16,17,19,22,26,29,34,39,45,54,61,68,72,137,0,-1
DATA,216,212,192,188,227,252,245,231,222,223,228,230,234,236,239,241,0,-1
DATA,243,242,241,241,243,244,244,244,244,245,245,244,242,242,242,242,0,-1
DATA,242,242,241,241,241,240,237,233,229,226,223,220,216,213,212,209,0,-1
DATA,191,187,203,211,146,76,71,63,54,47,40,35,30,27,24,21,0,-1
DATA,18,17,14,12,10,9,8,6,5,4,3,3,3,3,2,1,0,-1
DATA,1,1,1,1,0,0,0,0,0,0,0,0,0,0,0,0,0,-1
DATA,0,1,1,1,1,1,1,2,2,2,3,3,4,5,7,8,0,-1
DATA,10,11,12,14,17,18,22,24,28,33,37,42,49,58,65,71,0,-1
DATA,96,195,220,197,186,200,247,242,229,222,223,228,231,234,237,239,0,-1
DATA,241,241,242,241,240,240,243,244,244,244,244,245,244,237,241,243,0,-1
DATA,242,243,243,243,243,242,242,241,240,238,234,230,226,223,219,216,0,-1
DATA,213,212,202,186,191,211,194,107,72,68,59,52,44,38,34,29,0,-1
DATA,25,23,20,17,15,13,11,10,8,7,7,4,3,3,3,3,0,-1
DATA,2,1,1,1,1,1,1,1,1,0,0,0,0,0,0,0,0,-1
DATA,0,0,0,1,1,1,1,1,1,2,2,2,3,3,5,6,0,-1
DATA,6,8,9,11,14,15,17,20,24,26,31,35,39,46,53,62,0,-1
DATA,70,74,151,219,206,190,186,222,245,228,222,223,227,231,234,238,0,-1
DATA,239,240,240,239,238,237,235,235,237,239,240,239,239,240,241,234,0,-1
DATA,202,233,243,242,243,244,244,243,242,241,241,239,237,234,230,227,0,-1
DATA,223,219,215,213,210,192,188,199,213,157,80,72,64,56,48,42,0,-1
DATA,36,30,28,24,20,17,16,14,12,10,8,7,7,5,3,3,0,-1
DATA,3,3,2,1,1,1,1,1,1,1,1,0,0,0,0,0,0,-1
DATA,0,0,0,0,0,1,1,1,1,1,1,2,2,2,3,3,0,-1
DATA,4,6,7,8,10,12,14,16,18,21,24,27,32,37,42,50,0,-1
DATA,58,67,73,98,199,217,195,188,193,234,230,221,223,228,231,235,0,-1
DATA,237,240,240,238,236,234,234,234,233,233,234,235,235,235,235,235,0,-1
DATA,236,237,198,159,238,237,238,239,239,239,239,240,240,239,238,238,0,-1
DATA,235,230,227,222,219,216,214,200,186,190,209,197,109,72,69,60,0,-1
DATA,52,44,38,32,29,26,22,18,17,15,13,11,9,7,7,5,0,-1
DATA,3,4,3,3,2,1,1,1,1,1,1,1,1,0,0,0,0,-1
DATA,0,0,0,0,0,0,0,1,1,1,1,1,1,3,3,4,0,-1
DATA,3,4,5,7,8,9,11,13,15,17,20,23,25,30,34,39,0,-1
DATA,45,53,62,70,74,143,218,207,191,188,203,231,220,222,226,231,0,-1
DATA,235,238,240,241,239,235,231,233,235,235,235,236,236,236,236,236,0,-1
DATA,237,236,235,234,237,148,200,236,234,235,234,234,235,236,238,240,0,-1
DATA,239,236,238,234,229,225,222,219,216,208,190,189,199,212,154,78,0,-1
DATA,72,64,56,47,40,34,31,27,23,19,17,15,14,12,10,9,0,-1
DATA,6,6,4,4,3,3,3,2,1,1,1,1,1,1,1,0,0,-1
DATA,0,0,0,0,0,0,0,0,0,1,1,1,1,1,1,3,0,-1
DATA,3,3,3,4,6,6,8,9,11,13,15,17,19,24,26,31,0,-1
DATA,36,42,49,58,66,73,88,186,219,198,190,191,210,223,222,226,0,-1
DATA,230,234,238,240,241,242,236,232,234,229,199,191,192,192,164,145,0,-1
DATA,144,140,128,157,173,170,149,167,141,232,235,235,234,232,221,202,0,-1
DATA,198,189,193,199,229,239,233,228,224,220,217,215,195,189,193,213,0,-1
DATA,190,99,73,68,58,50,43,37,33,28,24,21,17,17,15,13,0,-1
DATA,11,8,6,6,5,4,3,3,3,2,1,1,1,1,1,1,0,-1
DATA,1,0,0,0,0,0,0,0,0,0,0,1,1,1,1,1,0,-1
DATA,2,3,3,3,3,5,6,7,9,10,12,14,16,17,21,25,0,-1
DATA,27,32,38,44,52,61,69,74,119,212,212,193,191,196,210,221,0,-1
DATA,224,228,232,236,240,241,241,239,234,233,183,144,169,188,181,177,0,-1
DATA,166,164,165,167,161,145,136,187,209,145,93,212,237,235,236,232,0,-1
DATA,163,126,149,152,162,170,178,207,237,231,227,223,220,217,200,189,0,-1
DATA,191,205,209,131,75,71,62,53,45,39,34,29,25,22,19,16,0,-1
DATA,14,13,11,9,7,6,5,4,4,4,3,2,1,1,1,1,0,-1
DATA,1,1,1,0,0,0,0,0,0,0,0,0,0,1,1,1,0,-1
DATA,1,1,2,3,3,3,3,5,6,8,9,10,13,15,17,18,0,-1
DATA,23,25,29,34,40,47,55,64,73,78,157,221,204,191,190,196,0,-1
DATA,212,223,226,231,235,239,241,241,241,236,237,183,145,192,165,152,0,-1
DATA,176,180,189,193,193,167,150,173,212,140,180,235,141,154,233,236,0,-1
DATA,237,190,142,160,172,176,173,169,179,172,195,234,230,226,221,219,0,-1
DATA,206,192,190,198,216,167,82,74,66,57,48,40,36,30,26,23,0,-1
DATA,19,16,15,14,11,9,7,6,5,4,4,4,3,2,1,1,0,-1
DATA,1,1,1,1,1,0,0,0,0,0,0,0,0,0,0,1,0,-1
DATA,1,1,1,1,2,2,3,3,3,5,7,8,9,11,13,14,0,-1
DATA,17,20,23,25,31,36,41,48,58,67,74,90,187,220,197,192,0,-1
DATA,193,207,222,225,228,233,236,240,241,242,241,238,191,140,173,127,0,-1
DATA,195,230,237,238,238,237,238,236,233,167,144,175,141,147,222,153,0,-1
DATA,207,235,159,148,162,132,186,203,197,196,153,185,197,235,233,228,0,-1
DATA,223,220,210,193,190,194,214,193,100,75,69,60,51,43,38,31,0,-1
DATA,27,24,20,17,16,14,12,10,8,7,6,4,4,4,3,3,0,-1
DATA,2,2,1,1,1,1,1,0,0,0,0,0,0,0,0,0,0,-1
DATA,0,1,1,1,1,1,2,2,3,3,4,6,7,8,9,11,0,-1
DATA,14,16,18,20,23,28,33,37,43,51,60,70,74,110,208,215,0,-1
DATA,194,192,205,226,229,229,231,235,238,241,242,242,240,227,130,194,0,-1
DATA,135,228,228,222,221,224,217,207,191,181,180,203,178,141,102,128,0,-1
DATA,142,186,172,233,194,159,99,151,170,181,201,194,217,178,189,239,0,-1
DATA,235,230,226,223,214,197,191,192,207,208,123,75,70,62,52,44,0,-1
DATA,38,33,28,24,21,19,16,14,12,10,8,7,6,4,4,4,0,-1
DATA,3,3,2,2,1,1,1,1,1,0,0,0,0,0,0,0,0,-1
DATA,0,0,0,1,1,1,2,2,2,2,3,3,4,6,7,9,0,-1
DATA,10,12,15,16,18,21,25,29,34,38,45,53,62,71,75,135,0,-1
DATA,217,207,193,197,207,212,223,229,234,237,239,242,243,241,237,229,0,-1
DATA,156,129,123,154,188,210,212,143,102,82,15,10,3,142,236,239,0,-1
DATA,219,155,159,146,167,238,187,137,93,25,0,29,178,203,176,177,0,-1
DATA,193,236,238,233,228,225,216,199,193,191,201,216,148,78,72,65,0,-1
DATA,54,47,40,34,29,24,22,19,17,15,12,11,9,8,6,4,0,-1
DATA,4,4,3,3,3,2,1,1,1,1,0,0,0,0,0,0,0,-1
DATA,0,0,0,0,0,1,1,1,2,2,2,2,3,4,5,6,0,-1
DATA,8,9,10,13,15,16,18,21,26,30,35,40,47,55,65,73,0,-1
DATA,80,159,222,203,193,200,206,212,224,230,235,239,240,241,242,239,0,-1
DATA,235,232,231,230,221,176,172,187,212,33,106,62,12,144,114,87,0,-1
DATA,252,255,255,218,180,144,183,204,158,111,120,42,33,156,121,254,0,-1
DATA,250,234,193,237,239,234,229,226,217,200,195,191,199,216,169,85,0,-1
DATA,74,66,57,48,41,35,30,25,22,20,17,15,12,11,9,8,0,-1
DATA,7,4,4,4,3,3,3,2,1,1,1,1,0,0,0,0,0,-1
DATA,0,0,0,0,0,0,0,1,1,1,2,2,2,2,3,4,0,-1
DATA,5,6,8,9,10,12,16,16,19,23,27,31,37,41,49,58,0,-1
DATA,67,75,84,178,221,200,195,204,206,212,226,232,236,241,241,241,0,-1
DATA,241,237,234,233,235,236,236,235,227,207,119,4,42,73,25,223,0,-1
DATA,130,49,246,255,253,248,172,199,180,166,197,29,46,27,66,223,0,-1
DATA,115,247,255,222,152,233,241,236,230,227,217,201,196,192,196,217,0,-1
DATA,184,92,76,68,59,50,42,36,31,26,22,20,17,15,12,11,0,-1
DATA,9,8,7,4,4,4,3,3,3,2,1,1,1,1,0,0,0,-1
DATA,0,0,0,0,0,0,0,1,1,1,1,1,2,2,2,2,0,-1
DATA,3,4,5,6,7,9,11,13,15,17,20,23,26,31,37,42,0,-1
DATA,50,59,68,75,93,192,221,198,198,206,207,213,225,232,237,242,0,-1
DATA,242,242,238,235,234,233,235,236,236,221,141,205,232,154,89,61,0,-1
DATA,11,18,0,84,255,255,254,255,196,159,214,147,199,16,41,25,0,-1
DATA,1,23,115,239,209,153,184,235,242,238,232,228,217,203,197,194,0,-1
DATA,195,214,195,101,76,70,61,53,43,36,32,27,23,20,18,16,0,-1
DATA,14,11,10,8,7,6,4,3,3,3,3,2,1,1,1,1,0,-1
DATA,1,0,0,0,0,0,0,0,0,1,1,1,1,1,2,2,0,-1
DATA,2,2,3,4,5,6,7,9,11,13,15,17,20,23,26,31,0,-1
DATA,37,43,51,60,70,76,101,202,218,197,202,207,209,213,224,232,0,-1
DATA,237,242,242,241,238,235,236,235,235,236,235,236,209,123,184,239,0,-1
DATA,238,221,177,81,39,123,232,233,227,176,166,118,190,204,179,110,0,-1
DATA,99,105,109,116,180,181,187,193,230,242,241,240,233,229,217,204,0,-1
DATA,199,196,196,212,203,113,76,70,62,54,44,37,33,28,24,21,0,-1
DATA,18,16,14,11,9,8,7,6,4,3,3,3,3,2,1,1,0,-1
DATA,1,1,1,0,0,0,0,0,0,0,0,0,1,1,1,1,0,-1
DATA,2,2,3,3,3,4,5,7,8,10,12,13,15,17,21,24,0,-1
DATA,27,33,38,43,52,62,70,76,107,206,216,196,203,206,209,215,0,-1
DATA,224,234,238,242,243,240,236,235,235,235,235,236,237,237,238,224,0,-1
DATA,154,147,169,186,206,213,207,191,196,201,199,203,188,142,205,210,0,-1
DATA,184,214,237,238,238,237,224,202,195,227,246,243,241,240,235,229,0,-1
DATA,216,204,200,196,196,210,207,119,76,72,62,53,45,38,34,28,0,-1
DATA,24,21,19,16,14,12,10,8,7,5,4,4,3,3,3,2,0,-1
DATA,1,1,1,1,1,0,0,0,0,0,0,0,0,0,1,1,0,-1
DATA,1,1,2,2,3,3,3,4,5,7,8,10,12,13,15,17,0,-1
DATA,21,24,27,33,38,44,53,63,71,77,112,208,215,196,204,206,0,-1
DATA,209,216,223,234,239,242,243,241,237,235,235,235,236,237,237,237,0,-1
DATA,236,237,238,224,206,182,179,170,170,167,175,174,167,117,155,221,0,-1
DATA,238,218,143,79,136,170,203,235,207,170,130,201,242,244,241,240,0,-1
DATA,236,229,215,205,201,196,196,209,209,122,77,74,63,54,45,38,0,-1
DATA,34,28,24,21,19,16,14,12,10,8,7,5,4,4,3,3,0,-1
DATA,3,2,1,1,1,1,1,0,0,0,0,0,0,0,0,0,0,-1
DATA,1,1,1,1,2,2,3,4,4,5,6,7,8,10,12,14,0,-1
DATA,16,19,21,24,28,33,38,44,52,62,72,77,115,209,214,198,0,-1
DATA,205,206,210,216,222,233,241,244,244,243,237,235,234,233,227,228,0,-1
DATA,237,236,236,238,238,238,238,237,237,238,238,234,234,238,171,139,0,-1
DATA,238,238,238,238,238,200,131,166,235,232,185,170,190,218,209,243,0,-1
DATA,241,240,237,227,213,206,201,197,195,209,210,124,78,74,65,55,0,-1
DATA,45,38,34,28,25,22,18,15,15,12,10,9,7,5,4,3,0,-1
DATA,3,3,3,2,1,1,1,1,0,0,0,0,0,0,0,0,0,-1
DATA,0,0,1,1,1,1,2,2,3,4,4,5,6,7,8,10,0,-1
DATA,12,14,16,19,21,24,28,33,38,44,52,62,72,77,115,209,0,-1
DATA,214,198,205,206,210,216,221,233,242,243,244,243,237,235,235,212,0,-1
DATA,151,199,237,237,237,238,238,237,237,233,235,237,237,238,237,166,0,-1
DATA,134,227,237,238,238,237,236,237,230,140,164,233,237,236,236,233,0,-1
DATA,201,233,244,241,237,224,213,206,202,197,195,210,209,123,78,73,0,-1
DATA,64,55,46,39,34,28,25,22,18,15,15,12,10,9,7,5,0,-1
DATA,4,3,3,3,3,2,1,1,1,1,0,0,0,0,0,0,0,-1
DATA,0,0,0,0,1,1,1,1,2,2,3,3,3,5,5,7,0,-1
DATA,8,10,12,13,16,18,21,24,28,32,37,45,53,63,72,77,0,-1
DATA,113,207,216,198,205,207,209,215,222,232,241,242,243,243,237,234,0,-1
DATA,236,230,211,213,225,237,237,238,237,237,237,233,235,238,234,195,0,-1
DATA,143,154,233,237,237,238,238,238,238,237,238,232,152,210,236,235,0,-1
DATA,235,235,204,162,239,241,236,222,213,206,202,198,196,211,208,120,0,-1
DATA,79,74,64,55,46,39,34,28,25,21,18,16,14,12,10,8,0,-1
DATA,7,6,4,3,3,3,3,2,1,1,1,1,1,0,0,0,0,-1
DATA,0,0,0,0,0,0,1,1,1,1,2,2,3,3,3,4,0,-1
DATA,5,6,8,10,12,13,15,18,21,24,28,32,37,44,54,63,0,-1
DATA,73,77,109,204,217,198,205,207,209,215,222,232,240,242,243,243,0,-1
DATA,237,235,220,156,152,183,219,238,238,237,236,237,237,234,226,193,0,-1
DATA,143,156,206,238,237,237,238,238,238,238,238,238,237,235,236,234,0,-1
DATA,234,235,235,235,181,125,200,243,232,220,213,206,201,198,196,212,0,-1
DATA,204,116,80,74,64,55,46,39,35,28,24,21,18,16,14,12,0,-1
DATA,10,8,7,6,4,3,3,3,3,2,1,1,1,1,1,0,0,-1
DATA,0,0,0,0,0,0,0,0,1,1,1,1,2,2,3,3,0,-1
DATA,3,4,5,6,8,10,12,13,15,18,21,24,27,32,37,44,0,-1
DATA,53,62,72,78,106,202,218,198,205,207,208,215,223,233,239,242,0,-1
DATA,244,244,238,236,168,132,122,152,153,175,219,238,238,238,238,236,0,-1
DATA,207,176,211,238,238,238,238,237,238,238,238,238,238,238,237,236,0,-1
DATA,235,235,236,234,234,234,137,145,206,241,227,217,213,206,201,197,0,-1
DATA,198,215,200,110,79,73,64,55,46,39,35,28,24,21,18,16,0,-1
DATA,14,12,10,8,7,6,4,3,3,3,3,2,1,1,1,1,0,-1
DATA,1,0,0,0,0,0,0,0,0,0,1,1,1,1,2,2,0,-1
DATA,3,3,3,4,4,6,8,10,12,13,15,17,21,24,27,32,0,-1
DATA,38,43,52,61,70,77,99,195,220,199,203,207,207,213,222,232,0,-1
DATA,239,242,243,244,239,235,232,159,166,161,132,144,123,151,181,194,0,-1
DATA,211,223,233,238,238,238,238,238,238,237,237,237,237,237,237,237,0,-1
DATA,237,236,236,235,235,234,236,201,113,184,243,239,227,217,212,206,0,-1
DATA,200,198,198,216,196,104,78,72,63,53,45,38,33,28,24,21,0,-1
DATA,18,16,14,11,10,8,7,5,4,3,3,3,3,2,1,1,0,-1
DATA,1,1,0,0,0,0,0,0,0,0,0,0,1,1,1,1,0,-1
DATA,2,2,3,3,3,4,4,6,8,10,12,13,15,17,21,24,0,-1
DATA,27,31,36,42,51,60,69,77,89,182,221,201,201,206,207,212,0,-1
DATA,221,231,237,240,242,243,241,236,236,180,115,159,121,114,156,165,0,-1
DATA,147,145,124,129,138,158,209,226,232,236,238,238,238,239,238,238,0,-1
DATA,238,238,238,238,238,237,237,232,163,117,147,235,243,237,228,216,0,-1
DATA,210,205,200,198,199,218,184,94,78,70,61,52,44,37,32,27,0,-1
DATA,24,21,18,16,14,11,9,8,7,5,4,3,3,3,3,2,0,-1
DATA,1,1,1,1,0,0,0,0,0,0,0,0,0,1,1,1,0,-1
DATA,1,1,1,1,3,3,3,4,4,6,8,9,11,13,14,16,0,-1
DATA,19,22,26,31,36,41,50,59,68,76,83,164,221,205,198,204,0,-1
DATA,207,211,219,230,237,239,241,243,243,238,234,236,192,121,136,159,0,-1
DATA,113,122,144,166,181,186,177,155,137,137,144,148,157,168,178,183,0,-1
DATA,189,186,184,183,179,175,175,173,171,139,131,124,172,245,239,235,0,-1
DATA,227,215,209,203,199,198,201,218,168,87,77,69,60,50,43,37,0,-1
DATA,31,26,22,19,17,15,13,11,10,7,7,4,3,3,3,3,0,-1
DATA,2,1,1,1,1,1,1,0,0,0,0,0,0,0,0,1,0,-1
DATA,1,1,1,1,1,1,3,3,3,4,5,6,8,9,11,13,0,-1
DATA,14,16,19,22,26,30,35,40,48,57,65,74,79,142,217,210,0,-1
DATA,198,200,208,209,217,229,235,238,240,242,242,240,236,234,236,229,0,-1
DATA,153,116,147,160,147,129,116,125,130,152,160,156,158,160,163,166,0,-1
DATA,163,160,162,163,165,165,165,166,167,168,169,164,123,114,161,235,0,-1
DATA,238,233,225,213,207,202,199,197,205,215,148,80,76,67,58,48,0,-1
DATA,41,35,30,25,22,19,17,16,13,11,10,7,7,4,3,3,0,-1
DATA,3,3,2,1,1,1,1,1,1,0,0,0,0,0,0,0,0,-1
DATA,0,0,0,1,1,1,1,1,2,2,3,4,4,6,7,8,0,-1
DATA,10,12,14,16,18,22,25,28,33,39,46,55,65,72,77,119,0,-1
DATA,206,214,199,198,205,211,217,229,234,238,239,241,242,241,236,234,0,-1
DATA,233,236,238,211,151,129,132,170,184,171,154,142,149,145,137,127,0,-1
DATA,122,122,135,142,140,140,138,136,136,136,135,135,130,116,134,178,0,-1
DATA,159,230,236,231,223,211,204,200,199,197,211,209,125,79,74,66,0,-1
DATA,56,47,40,34,30,26,22,19,17,15,13,11,9,7,7,4,0,-1
DATA,3,3,3,3,2,2,1,1,1,1,1,0,0,0,0,0,0,-1
DATA,0,0,0,0,0,1,1,1,1,1,2,2,3,4,4,6,0,-1
DATA,7,8,10,12,13,16,17,21,23,27,33,38,44,53,62,71,0,-1
DATA,77,96,187,219,201,198,199,209,216,228,231,236,238,241,242,241,0,-1
DATA,237,234,232,236,236,237,237,228,193,115,144,182,193,187,190,191,0,-1
DATA,189,188,184,172,164,167,169,171,174,174,174,178,178,180,178,181,0,-1
DATA,186,159,205,238,234,230,222,208,203,200,197,199,217,192,103,78,0,-1
DATA,72,64,54,46,39,33,29,25,22,19,17,15,13,11,9,7,0,-1
DATA,7,4,3,3,3,3,2,2,1,1,1,1,1,0,0,0,0,-1
DATA,0,0,0,0,0,0,0,1,1,1,1,1,2,2,3,4,0,-1
DATA,4,5,7,8,10,11,13,15,17,20,23,27,32,37,42,50,0,-1
DATA,60,68,76,84,160,219,205,197,197,201,213,224,231,236,237,239,0,-1
DATA,241,242,239,234,229,234,236,236,235,237,238,219,149,118,133,164,0,-1
DATA,174,184,186,187,188,186,187,188,189,188,190,190,189,189,190,190,0,-1
DATA,187,183,149,176,242,235,232,228,219,206,202,199,198,203,218,166,0,-1
DATA,88,77,69,62,52,43,38,33,28,24,21,18,16,15,13,11,0,-1
DATA,9,7,6,4,3,3,3,3,2,2,1,1,1,1,1,0,0,-1
DATA,0,0,0,0,0,0,0,1,1,1,1,1,1,1,2,2,0,-1
DATA,3,3,3,5,7,8,9,10,13,15,17,19,23,27,30,35,0,-1
DATA,41,47,57,66,74,79,125,207,213,198,198,199,205,220,231,234,0,-1
DATA,236,237,240,242,240,236,228,234,235,236,236,236,236,237,238,224,0,-1
DATA,180,142,140,129,113,142,157,164,168,168,168,165,164,164,163,160,0,-1
DATA,159,157,141,121,135,193,238,233,229,225,216,205,200,199,199,210,0,-1
DATA,210,132,81,75,67,58,49,41,36,31,28,23,20,17,16,14,0,-1
DATA,11,10,8,7,6,4,4,4,3,2,2,2,1,1,1,1,0,-1
DATA,1,0,0,0,0,0,0,0,0,1,1,1,1,1,1,1,0,-1
DATA,2,2,3,3,3,5,6,7,8,10,12,15,17,19,23,25,0,-1
DATA,28,33,39,45,54,62,71,77,95,183,218,202,198,197,200,215,0,-1
DATA,227,231,234,238,239,241,240,238,229,233,235,235,236,236,236,235,0,-1
DATA,236,236,238,238,233,217,198,184,178,171,166,169,172,173,176,178,0,-1
DATA,181,182,183,185,186,213,223,209,236,231,227,225,211,202,198,198,0,-1
DATA,201,218,188,102,77,72,64,55,46,39,35,30,26,23,19,17,0,-1
DATA,15,12,10,8,7,7,6,4,4,4,3,2,2,2,1,1,0,-1
DATA,1,1,1,0,0,0,0,0,0,0,0,1,0,1,1,1,0,-1
DATA,1,1,1,3,3,3,4,4,6,7,8,10,12,14,16,18,0,-1
DATA,22,24,26,32,38,43,50,59,69,76,81,143,214,209,198,196,0,-1
DATA,198,206,223,230,233,237,238,240,241,239,230,234,235,234,235,235,0,-1
DATA,235,236,236,236,236,235,235,234,235,237,237,237,237,237,237,236,0,-1
DATA,236,236,236,235,234,234,234,233,209,221,234,228,226,227,206,200,0,-1
DATA,198,199,207,216,153,84,76,69,60,52,44,38,33,28,25,22,0,-1
DATA,18,16,14,12,10,9,7,6,4,4,3,3,3,2,1,1,0,-1
DATA,1,1,1,1,1,0,0,0,0,0,0,0,0,1,0,1,0,-1
DATA,1,1,1,1,1,3,3,3,4,4,6,7,8,10,12,14,0,-1
DATA,16,18,21,22,25,30,35,41,47,56,63,73,78,105,191,218,0,-1
DATA,200,197,197,200,214,224,229,236,238,238,240,240,231,235,234,233,0,-1
DATA,234,235,235,236,236,236,236,236,236,236,236,235,236,236,236,235,0,-1
DATA,234,232,232,234,234,234,233,233,233,227,221,233,230,227,234,225,0,-1
DATA,200,198,198,202,218,194,110,79,75,66,57,48,40,35,31,26,0,-1
DATA,23,20,17,15,13,11,9,9,7,6,5,4,3,3,3,2,0,-1
DATA,1,1,1,1,1,1,1,0,0,0,0,0,0,0,0,1,0,-1
DATA,1,1,1,1,1,2,2,3,3,3,4,4,5,7,7,8,0,-1
DATA,11,12,15,17,19,21,24,27,33,39,44,52,60,70,76,82,0,-1
DATA,146,213,209,198,196,198,207,218,225,234,238,235,237,239,231,236,0,-1
DATA,237,234,234,234,235,236,235,235,235,235,235,235,235,235,235,235,0,-1
DATA,235,235,235,231,231,233,233,233,232,234,232,226,233,230,228,233,0,-1
DATA,240,210,199,198,200,210,216,154,85,78,71,63,53,44,39,34,0,-1
DATA,30,25,22,19,16,15,13,12,10,8,7,5,4,4,3,3,0,-1
DATA,3,2,1,1,1,1,0,0,0,0,0,0,0,0,0,0,0,-1
DATA,0,1,1,1,1,1,1,2,2,2,4,3,4,4,5,6,0,-1
DATA,7,9,10,12,13,15,18,20,24,27,31,36,41,48,56,66,0,-1
DATA,72,77,101,184,217,201,195,195,202,214,220,228,235,233,233,237,0,-1
DATA,230,237,239,238,235,234,234,234,234,235,235,235,236,235,235,235,0,-1
DATA,236,235,235,235,234,230,229,232,232,232,234,235,232,234,231,230,0,-1
DATA,235,243,234,201,197,197,206,219,188,108,78,74,65,58,49,41,0,-1
DATA,35,31,27,23,21,17,15,13,12,11,8,7,6,5,4,3,0,-1
DATA,3,3,2,1,1,1,1,1,0,0,0,0,0,0,0,0,0,-1
DATA,0,0,0,0,0,0,0,1,1,1,1,1,2,3,3,3,0,-1
DATA,4,6,6,8,10,11,13,14,17,19,22,25,29,33,39,44,0,-1
DATA,52,60,69,76,80,138,206,211,198,194,197,205,215,219,229,231,0,-1
DATA,230,234,227,236,240,240,239,237,235,234,234,234,234,235,234,234,0,-1
DATA,235,235,234,234,234,234,234,230,227,234,234,235,236,236,234,233,0,-1
DATA,230,238,243,242,213,197,197,204,216,209,142,83,77,70,61,53,0,-1
DATA,45,39,34,29,25,22,20,18,15,13,11,9,8,6,5,4,0,-1
DATA,4,3,4,3,2,2,1,1,1,1,0,0,0,0,0,0,0,-1
DATA,0,0,0,0,0,0,0,0,0,1,1,1,1,1,2,2,0,-1
DATA,3,3,4,5,6,8,10,11,12,14,16,18,21,24,27,31,0,-1
DATA,36,40,47,55,64,71,76,94,173,216,205,197,195,198,209,214,0,-1
DATA,221,225,226,231,225,231,240,241,241,240,239,238,237,236,236,235,0,-1
DATA,233,233,233,234,233,233,233,233,234,230,228,236,237,237,236,235,0,-1
DATA,234,230,236,245,245,228,197,194,200,213,219,176,100,78,71,65,0,-1
DATA,56,48,40,36,32,27,24,21,19,17,14,12,10,10,8,6,0,-1
DATA,5,4,4,3,4,3,2,2,1,1,1,1,0,0,0,0,0,-1
DATA,0,0,0,0,0,0,0,0,0,0,0,1,1,1,1,1,0,-1
DATA,2,2,3,3,4,5,6,7,9,10,11,13,15,17,19,22,0,-1
DATA,25,28,33,38,44,52,59,66,75,78,115,192,215,199,194,195,0,-1
DATA,200,211,214,218,221,225,222,226,236,238,240,241,242,241,241,240,0,-1
DATA,240,239,239,238,236,237,236,236,236,236,236,233,231,239,239,237,0,-1
DATA,234,233,232,228,242,244,238,203,193,198,210,221,196,123,79,75,0,-1
DATA,68,60,52,44,39,34,30,26,22,20,17,15,13,11,10,9,0,-1
DATA,7,6,5,3,4,3,4,3,1,2,1,1,1,1,0,0,0,-1
DATA,0,0,0,0,0,0,0,0,0,0,0,0,0,1,1,1,0,-1
DATA,1,1,2,2,3,3,4,5,5,7,8,9,10,12,15,16,0,-1
DATA,18,21,24,26,31,35,40,46,53,61,70,76,80,138,203,211,0,-1
DATA,196,193,193,203,211,214,219,222,220,216,231,234,237,239,241,241,0,-1
DATA,241,241,241,241,241,241,241,241,241,241,239,240,239,234,231,238,0,-1
DATA,236,233,229,230,226,231,245,244,216,193,193,206,220,209,143,82,0,-1
DATA,77,71,63,55,48,40,36,31,28,24,21,19,16,14,12,11,0,-1
DATA,10,8,6,4,3,3,3,3,3,2,1,1,1,1,1,1,0,-1
DATA,0,0,0,0,0,0,0,0,0,0,0,0,0,0,0,1,0,-1
DATA,1,1,1,1,2,2,3,3,3,4,4,6,8,8,9,11,0,-1
DATA,13,15,17,19,22,24,27,32,37,42,48,55,64,71,76,90,0,-1
DATA,162,211,201,191,190,195,205,211,214,217,219,209,226,229,231,234,0,-1
DATA,237,239,239,240,241,241,241,241,241,241,240,240,241,241,240,232,0,-1
DATA,227,234,231,228,227,227,222,238,245,231,196,190,199,217,217,164,0,-1
DATA,91,75,72,64,57,50,43,37,33,28,25,23,20,17,16,13,0,-1
DATA,12,11,9,8,6,4,4,3,3,3,3,2,1,1,1,1,0,-1
DATA,0,0,0,0,0,0,0,0,0,0,0,0,0,0,0,0,0,-1
DATA,0,1,1,1,1,1,1,2,2,2,3,4,5,6,7,8,0,-1
DATA,9,10,11,14,16,18,20,23,26,28,33,38,43,51,58,65,0,-1
DATA,71,74,108,182,211,195,188,188,198,205,209,212,215,206,215,225,0,-1
DATA,226,230,233,234,236,237,238,240,240,240,241,241,240,239,240,238,0,-1
DATA,236,225,224,230,227,223,223,223,224,244,242,207,188,191,211,221,0,-1
DATA,182,109,76,73,66,59,52,45,39,35,31,27,24,21,18,16,0,-1
DATA,14,12,10,9,8,7,6,4,4,3,3,2,2,1,1,1,0,-1
DATA,1,1,0,0,0,0,0,0,0,0,0,0,0,0,0,0,0,-1
DATA,0,0,0,1,1,1,1,1,2,3,2,2,3,4,4,4,0,-1
DATA,6,7,8,9,11,13,15,17,19,21,24,26,30,35,39,45,0,-1
DATA,52,59,66,72,77,131,195,207,190,184,188,200,204,206,210,209,0,-1
DATA,203,219,221,224,226,228,230,231,232,234,234,236,236,237,235,234,0,-1
DATA,233,232,231,216,223,223,221,219,221,216,232,245,221,188,187,204,0,-1
DATA,222,197,128,78,74,67,59,53,45,40,36,32,28,24,22,19,0,-1
DATA,17,15,13,11,9,8,7,6,5,4,4,3,3,2,2,2,0,-1
DATA,1,1,1,1,0,0,0,0,0,0,0,0,0,0,0,0,0,-1
DATA,0,0,0,0,0,0,1,1,1,1,1,1,2,2,3,3,0,-1
DATA,3,4,6,7,8,9,11,12,14,15,17,19,23,25,27,32,0,-1
DATA,37,41,46,52,60,67,73,83,152,204,198,184,181,190,200,202,0,-1
DATA,205,207,197,208,216,218,221,223,225,228,230,232,233,234,235,235,0,-1
DATA,233,231,229,227,223,209,220,217,214,214,215,217,241,239,195,183,0,-1
DATA,192,216,207,149,82,72,68,62,55,47,40,36,32,29,26,23,0,-1
DATA,20,18,16,14,12,11,9,8,7,6,5,3,3,3,2,1,0,-1
DATA,1,1,1,1,1,1,0,0,0,0,0,0,0,0,0,0,0,-1
DATA,0,0,0,0,0,0,0,0,1,1,1,1,1,1,2,2,0,-1
DATA,3,3,3,4,5,5,7,8,10,11,12,13,16,18,21,23,0,-1
DATA,25,28,33,37,41,47,53,61,68,69,100,174,206,187,177,178,0,-1
DATA,193,198,201,201,200,192,208,210,213,216,220,225,228,228,229,230,0,-1
DATA,229,229,229,228,227,224,211,208,212,210,209,212,208,227,245,213,0,-1
DATA,179,182,205,215,169,95,70,66,61,55,48,42,37,33,29,26,0,-1
DATA,23,20,18,16,15,13,11,11,8,7,6,6,5,3,3,3,0,-1
DATA,2,1,1,1,1,1,1,1,0,0,0,0,0,0,0,0,0,-1
DATA,0,0,0,0,0,0,0,0,0,0,0,0,1,1,1,1,0,-1
DATA,1,1,3,2,3,3,4,5,5,7,8,10,12,13,15,17,0,-1
DATA,19,21,24,25,29,33,37,41,46,53,59,66,69,126,190,196,0,-1
DATA,176,170,179,193,199,194,195,186,197,202,206,214,219,219,220,219,0,-1
DATA,220,221,221,221,221,221,219,219,205,206,204,203,203,205,208,238,0,-1
DATA,237,185,173,189,214,188,120,70,67,61,54,47,42,38,33,30,0,-1
DATA,27,24,21,19,17,15,13,12,10,9,8,7,6,4,4,3,0,-1
DATA,3,2,2,1,1,1,1,1,1,1,0,0,0,0,0,0,0,-1
DATA,0,0,0,0,0,0,0,0,0,0,0,0,0,0,1,1,0,-1
DATA,1,1,1,1,3,2,3,3,4,5,5,6,8,8,11,13,0,-1
DATA,14,15,17,20,22,24,26,30,33,37,41,47,52,59,63,78,0,-1
DATA,152,198,180,164,164,180,192,190,184,184,181,194,204,209,211,211,0,-1
DATA,212,212,213,213,211,211,212,212,210,208,197,203,197,194,195,194,0,-1
DATA,218,243,210,163,171,202,203,143,77,65,60,54,47,41,37,34,0,-1
DATA,30,27,25,23,19,17,16,14,12,11,9,8,7,6,5,4,0,-1
DATA,4,3,3,2,2,1,1,1,1,1,1,1,0,0,0,0,0,-1
DATA,0,0,0,0,0,0,0,0,0,0,0,0,0,0,0,0,0,-1
DATA,1,1,1,1,1,1,2,2,3,3,4,4,5,5,7,8,0,-1
DATA,10,11,13,14,16,18,20,22,24,26,29,32,37,41,45,51,0,-1
DATA,58,60,101,176,186,162,152,167,182,186,175,177,168,191,201,202,0,-1
DATA,203,204,204,205,205,206,206,204,202,202,202,197,189,196,191,183,0,-1
DATA,185,190,230,238,179,152,180,204,165,91,62,58,53,46,41,37,0,-1
DATA,33,30,26,24,22,20,18,16,14,13,11,10,8,7,6,5,0,-1
DATA,4,4,4,3,2,2,2,1,1,1,1,1,1,1,0,0,0,-1
DATA,0,0,0,0,0,0,0,0,0,0,0,0,0,0,0,0,0,-1
DATA,0,1,1,1,1,1,1,1,2,2,3,3,3,4,4,5,0,-1
DATA,6,8,9,10,11,12,14,16,18,19,22,24,26,29,32,36,0,-1
DATA,40,44,50,54,66,138,186,163,145,151,168,175,166,166,166,183,0,-1
DATA,190,190,193,194,195,195,196,196,196,195,196,196,195,191,186,189,0,-1
DATA,186,174,171,177,220,220,154,155,191,189,118,62,56,51,45,41,0,-1
DATA,37,34,30,27,24,21,20,18,17,15,13,11,10,8,7,7,0,-1
DATA,5,5,4,3,3,2,2,1,1,1,1,1,1,0,0,0,0,-1
DATA,0,0,0,0,0,0,0,0,0,0,0,0,0,0,0,0,0,-1
DATA,0,0,0,1,1,1,1,1,1,1,2,2,3,3,4,4,0,-1
DATA,4,5,5,7,8,9,10,11,12,14,15,17,20,21,24,26,0,-1
DATA,28,33,37,39,43,47,50,97,170,169,145,137,155,164,156,152,0,-1
DATA,162,171,180,179,182,183,184,184,185,184,185,184,184,184,183,180,0,-1
DATA,178,178,177,167,156,159,192,185,136,167,191,155,81,51,48,44,0,-1
DATA,40,37,33,30,26,24,21,18,17,16,14,13,11,11,8,8,0,-1
DATA,7,6,5,4,3,3,3,2,2,1,1,1,1,1,1,0,0,-1
DATA,0,0,0,0,0,0,0,0,0,0,0,0,0,0,0,0,0,-1
DATA,0,0,0,0,0,0,0,0,1,1,1,1,1,1,2,3,0,-1
DATA,3,3,3,4,5,6,7,8,8,10,12,12,13,15,17,20,0,-1
DATA,22,24,26,29,33,35,38,41,45,65,139,169,144,128,142,152,0,-1
DATA,147,140,157,161,168,168,169,171,171,173,173,173,173,171,171,172,0,-1
DATA,173,167,167,168,165,157,147,145,174,151,136,177,179,117,54,45,0,-1
DATA,42,39,35,32,30,27,24,22,19,17,16,14,13,12,11,9,0,-1
DATA,8,7,6,5,4,4,4,3,2,2,2,1,1,1,1,1,0,-1
DATA,1,0,0,0,0,0,0,0,0,0,0,0,0,0,0,0,0,-1
DATA,0,0,0,0,0,0,0,0,0,0,1,1,1,1,0,1,0,-1
DATA,2,2,2,3,3,3,4,5,5,7,7,9,10,11,12,14,0,-1
DATA,16,18,19,21,23,25,27,30,33,36,38,43,105,163,143,124,0,-1
DATA,127,140,137,129,148,151,155,157,156,157,158,160,160,160,160,157,0,-1
DATA,160,161,161,156,156,155,153,147,134,133,146,123,148,179,155,80,0,-1
DATA,41,40,37,34,31,28,26,23,22,20,17,16,15,13,12,11,0,-1
DATA,10,8,8,7,5,4,4,4,4,3,2,2,2,1,1,1,0,-1
DATA,1,1,1,0,0,0,0,0,0,0,0,0,0,0,0,0,0,-1
DATA,0,0,0,0,0,0,0,0,0,0,0,0,0,0,1,1,0,-1
DATA,1,1,2,2,2,2,2,3,3,3,4,5,6,7,8,10,0,-1
DATA,12,13,14,17,17,18,21,23,24,27,29,32,35,34,74,146,0,-1
DATA,140,119,117,130,126,120,138,142,144,149,143,142,144,145,144,141,0,-1
DATA,142,146,148,147,151,146,144,144,140,135,124,123,123,114,143,167,0,-1
DATA,125,52,37,36,33,30,26,25,23,20,20,18,16,15,13,12,0,-1
DATA,11,9,8,7,7,6,4,3,3,3,3,2,2,1,1,1,0,-1
DATA,1,1,1,0,0,0,0,0,0,0,0,0,0,0,0,0,0,-1
DATA,0,0,0,0,0,0,0,0,0,0,0,0,0,0,0,0,0,-1
DATA,1,1,1,1,2,2,2,2,2,3,3,4,4,5,6,7,0,-1
DATA,7,8,10,11,12,14,16,16,18,19,22,23,25,28,31,31,0,-1
DATA,48,121,140,110,107,122,118,112,130,131,132,141,133,133,136,135,0,-1
DATA,134,134,133,135,137,137,143,135,133,133,129,128,116,111,107,108,0,-1
DATA,125,151,94,36,33,30,28,26,24,23,20,19,18,15,14,13,0,-1
DATA,11,10,10,8,7,7,6,5,4,3,3,3,3,2,2,1,0,-1
DATA,1,1,1,1,1,0,0,0,0,0,0,0,0,0,0,0,0,-1
DATA,0,0,0,0,0,0,0,0,0,0,0,0,0,0,0,0,0,-1
DATA,0,0,1,1,1,1,1,1,1,2,2,3,3,3,4,4,0,-1
DATA,6,6,7,8,9,10,11,12,14,15,16,17,20,21,23,25,0,-1
DATA,26,27,32,95,137,106,96,113,111,106,121,121,120,129,124,122,0,-1
DATA,125,128,140,148,146,134,126,126,131,124,123,121,120,118,114,103,0,-1
DATA,96,98,120,133,65,28,29,27,24,24,22,20,18,17,16,14,0,-1
DATA,12,11,10,9,8,7,6,5,5,4,4,3,2,3,2,1,0,-1
DATA,1,1,1,1,1,1,1,0,0,0,0,0,0,0,0,0,0,-1
DATA,0,0,0,0,0,0,0,0,0,0,0,0,0,0,0,0,0,-1
DATA,0,0,0,0,1,1,1,1,1,1,1,2,2,2,2,3,0,-1
DATA,3,4,5,6,6,7,7,9,9,11,13,13,14,16,18,19,0,-1
DATA,21,23,23,24,25,69,125,104,85,99,104,101,113,112,110,115,0,-1
DATA,116,112,118,149,141,128,129,140,132,115,122,112,111,111,105,103,0,-1
DATA,100,94,85,89,118,112,44,25,26,24,22,21,19,17,15,15,0,-1
DATA,14,13,11,10,9,8,7,6,5,4,4,3,3,3,2,2,0,-1
DATA,2,1,1,1,1,1,1,1,1,0,0,0,0,0,0,0,0,-1
DATA,0,0,0,0,0,0,0,0,0,0,0,0,0,0,0,0,0,-1
DATA,0,0,0,0,0,0,1,1,1,1,1,1,1,2,2,2,0,-1
DATA,2,3,3,3,4,4,5,6,7,7,8,10,11,12,13,14,0,-1
DATA,15,16,18,20,20,22,21,49,114,103,77,84,98,96,106,103,0,-1
DATA,102,103,108,102,127,119,102,100,98,102,125,115,110,103,102,102,0,-1
DATA,95,99,93,83,74,84,114,88,29,23,23,21,19,18,17,15,0,-1
DATA,14,13,12,11,10,9,8,7,6,5,4,3,3,3,3,2,0,-1
DATA,2,2,2,1,1,1,1,1,1,0,0,0,0,0,0,0,0,-1
DATA,0,0,0,0,0,0,0,0,0,0,0,0,0,0,0,0,0,-1
DATA,0,0,0,0,0,0,0,0,0,0,1,1,1,1,1,1,0,-1
DATA,1,2,2,2,2,2,3,4,4,5,6,6,7,8,9,10,0,-1
DATA,12,13,13,14,17,17,19,19,19,34,100,100,72,71,88,92,0,-1
DATA,98,95,95,95,100,91,125,122,110,113,112,110,130,110,100,93,0,-1
DATA,94,93,87,94,87,71,67,79,108,71,22,20,18,17,17,17,0,-1
DATA,15,14,13,12,11,10,8,7,7,6,5,4,4,3,3,3,0,-1
DATA,2,2,2,2,1,1,1,1,1,1,1,0,0,0,0,0,0,-1
DATA,0,0,0,0,0,0,0,0,0,0,0,0,0,0,0,0,0,-1
DATA,0,0,0,0,0,0,0,0,0,0,0,0,1,1,1,1,0,-1
DATA,1,1,1,2,2,2,2,2,3,4,3,4,4,5,6,7,0,-1
DATA,7,9,10,11,12,12,14,15,16,17,17,24,85,96,68,63,0,-1
DATA,76,85,91,88,88,88,96,89,87,127,169,168,169,155,104,92,0,-1
DATA,95,84,89,85,82,87,77,60,61,76,99,53,18,18,17,16,0,-1
DATA,15,14,13,12,11,10,10,8,7,7,6,5,4,4,4,3,0,-1
DATA,2,2,2,2,2,2,2,1,1,1,1,0,0,0,0,0,0,-1
DATA,0,0,0,0,0,0,0,0,0,0,0,0,0,0,0,0,0,-1
DATA,0,0,0,0,0,0,0,0,0,0,0,0,0,0,0,0,0,-1
DATA,1,1,1,1,1,1,1,2,2,2,2,3,3,3,4,5,0,-1
DATA,5,6,7,8,8,9,10,11,13,13,14,14,15,18,71,94,0,-1
DATA,63,55,67,77,82,82,82,80,88,86,77,96,171,164,170,144,0,-1
DATA,75,93,87,77,82,77,75,79,69,52,55,76,92,39,16,16,0,-1
DATA,15,14,13,12,11,10,9,8,7,7,6,5,5,4,4,3,0,-1
DATA,3,2,2,2,1,1,1,1,1,1,1,1,1,0,0,0,0,-1
DATA,0,0,0,0,0,0,0,0,0,0,0,0,0,0,0,0,0,-1
DATA,0,0,0,0,0,0,0,0,0,0,0,0,0,0,0,0,0,-1
DATA,0,0,1,1,1,1,1,1,1,2,2,2,2,3,3,3,0,-1
DATA,3,4,4,5,6,7,7,8,9,10,11,11,12,12,13,14,0,-1
DATA,60,92,59,48,59,73,73,73,71,72,77,84,71,78,90,81,0,-1
DATA,83,86,72,86,75,70,73,68,67,73,61,46,52,74,84,27,0,-1
DATA,14,14,13,12,11,11,11,9,9,7,7,6,5,4,4,4,0,-1
DATA,4,4,3,2,2,2,1,1,1,1,1,1,1,1,1,0,0,-1
DATA,0,0,0,0,0,0,0,0,0,0,0,0,0,0,0,0,0,-1
DATA,0,0,0,0,0,0,0,0,0,0,0,0,0,0,0,0,0,-1
DATA,0,0,0,0,1,1,1,1,1,1,1,1,1,2,2,2,0,-1
DATA,3,3,3,3,4,4,4,6,7,6,7,8,8,10,10,11,0,-1
DATA,11,12,47,86,58,44,50,66,68,65,62,63,66,75,62,69,0,-1
DATA,81,74,77,76,64,77,64,64,65,60,61,66,53,40,47,71,0,-1
DATA,74,20,12,12,11,10,9,9,9,8,7,6,6,5,4,3,0,-1
DATA,3,3,3,2,2,2,2,2,2,1,1,1,1,1,1,0,0,-1
DATA,0,0,0,0,0,0,0,0,0,0,0,0,0,0,0,0,0,-1
DATA,0,0,0,0,0,0,0,0,0,0,0,0,0,0,0,0,0,-1
DATA,0,0,0,0,0,0,1,1,1,1,1,1,1,1,1,2,0,-1
DATA,2,2,3,3,3,3,4,4,4,4,5,5,7,7,7,7,0,-1
DATA,8,9,10,10,36,82,56,39,44,59,62,58,56,55,56,70,0,-1
DATA,54,58,78,71,72,67,54,72,54,57,57,52,54,59,47,35,0,-1
DATA,43,71,62,14,11,11,10,9,8,8,8,7,5,5,4,4,0,-1
DATA,4,3,3,3,3,2,2,2,2,2,1,1,1,1,1,1,0,-1
DATA,1,0,0,0,0,0,0,0,0,0,0,0,0,0,0,0,0,-1
DATA,0,0,0,0,0,0,0,0,0,0,0,0,0,0,0,0,0,-1
DATA,0,0,0,0,0,0,0,0,0,0,0,0,0,1,1,1,0,-1
DATA,1,1,1,2,2,2,3,3,3,3,3,4,4,4,5,6,0,-1
DATA,6,6,7,8,8,8,28,77,52,35,38,53,56,54,51,51,0,-1
DATA,50,65,52,90,169,162,168,131,58,65,48,52,52,47,49,53,0,-1
DATA,41,31,40,69,54,10,9,9,8,8,7,7,7,5,4,3,0,-1
DATA,3,4,3,3,3,2,2,1,1,1,1,1,1,1,1,1,0,-1
DATA,1,0,0,0,0,0,0,0,0,0,0,0,0,0,0,0,0,-1
DATA,0,0,0,0,0,0,0,0,0,0,0,0,0,0,0,0,0,-1
DATA,0,0,0,0,0,0,0,0,0,0,0,0,0,0,0,1,0,-1
DATA,1,1,1,1,1,1,2,1,2,2,3,3,3,3,4,4,0,-1
DATA,4,5,6,6,7,8,8,7,20,70,50,31,34,49,52,49,0,-1
DATA,46,47,45,85,127,117,103,91,98,112,116,105,50,48,48,45,0,-1
DATA,46,49,37,27,37,65,44,8,7,7,7,7,6,5,4,4,0,-1
DATA,3,3,3,3,3,2,2,1,1,1,1,1,1,1,1,1,0,-1
DATA,1,1,1,0,0,0,0,0,0,0,0,0,0,0,0,0,0,-1
DATA,0,0,0,0,0,0,0,0,0,0,0,0,0,0,0,0,0,-1
DATA,0,0,0,0,0,0,0,0,0,0,0,0,0,0,0,0,0,-1
DATA,0,1,1,1,1,1,1,1,1,2,2,2,2,3,3,3,0,-1
DATA,3,4,4,5,5,5,5,6,7,5,16,65,49,29,31,45,0,-1
DATA,48,45,42,42,53,73,75,52,49,48,48,49,59,67,63,43,0,-1
DATA,43,40,42,47,34,25,35,62,36,6,7,6,5,6,5,4,0,-1
DATA,4,3,3,3,3,3,3,2,2,1,1,1,1,1,1,1,0,-1
DATA,1,1,1,1,1,0,0,0,0,0,0,0,0,0,0,0,0,-1
DATA,0,0,0,0,0,0,0,0,0,0,0,0,0,0,0,0,0,-1
DATA,0,0,0,0,0,0,0,0,0,0,0,0,0,0,0,0,0,-1
DATA,0,0,0,0,0,1,1,1,1,1,1,1,2,2,2,2,0,-1
DATA,2,3,3,3,3,4,4,4,4,5,5,4,15,64,47,27,0,-1
DATA,28,42,46,43,40,38,58,53,47,47,45,44,44,45,46,47,0,-1
DATA,60,43,38,38,40,44,31,24,34,59,33,5,6,5,4,4,0,-1
DATA,3,3,3,3,3,3,3,3,3,1,1,1,1,1,1,1,0,-1
DATA,1,1,1,1,0,0,0,0,0,0,0,0,0,0,0,0,0,-1
DATA,0,0,0,0,0,0,0,0,0,0,0,0,0,0,0,0,0,-1
DATA,0,0,0,0,0,0,0,0,0,0,0,0,0,0,0,0,0,-1
DATA,0,0,0,0,0,0,0,1,1,1,1,1,1,1,2,2,0,-1
DATA,2,2,2,3,3,3,3,3,3,3,3,3,4,4,14,64,0,-1
DATA,46,25,24,40,43,39,36,35,56,52,50,50,47,46,45,46,0,-1
DATA,48,47,56,40,35,34,38,40,28,22,31,57,33,3,5,4,0,-1
DATA,4,4,4,4,4,3,3,3,3,2,2,1,1,1,1,1,0,-1
DATA,1,1,1,1,1,1,0,0,0,0,0,0,0,0,0,0,0,-1
DATA,0,0,0,0,0,0,0,0,0,0,0,0,0,0,0,0,0,-1
DATA,0,0,0,0,0,0,0,0,0,0,0,0,0,0,0,0,0,-1
DATA,0,0,0,0,0,0,0,0,0,0,0,1,1,1,1,1,0,-1
DATA,1,1,1,1,1,1,1,2,2,3,3,3,3,4,4,3,0,-1
DATA,11,59,42,22,23,36,41,36,32,33,56,51,47,46,45,43,0,-1
DATA,43,43,44,45,57,36,33,32,34,36,25,20,29,54,28,3,0,-1
DATA,3,3,3,3,3,3,4,3,2,2,2,1,1,1,1,1,0,-1
DATA,1,1,1,1,1,1,0,0,0,0,0,0,0,0,0,0,0,-1
DATA,0,0,0,0,0,0,0,0,0,0,0,0,0,0,0,0,0,-1
DATA,0,0,0,0,0,0,0,0,0,0,0,0,0,0,0,0,0,-1
DATA,0,0,0,0,0,0,0,0,0,0,0,0,0,1,1,1,0,-1
DATA,1,1,1,1,1,1,1,1,1,2,2,3,3,3,3,4,0,-1
DATA,4,3,9,54,38,20,21,32,39,34,30,30,53,50,45,43,0,-1
DATA,42,40,40,40,41,42,55,35,32,31,33,34,23,18,27,50,0,-1
DATA,24,2,3,3,3,3,3,3,3,1,2,2,2,1,1,1,0,-1
DATA,1,1,1,1,1,1,1,1,0,0,0,0,0,0,0,0,0,-1
DATA,0,0,0,0,0,0,0,0,0,0,0,0,0,0,0,0,0,-1
DATA,0,0,0,0,0,0,0,0,0,0,0,0,0,0,0,0,0,-1
DATA,0,0,0,0,0,0,0,0,0,0,0,0,0,0,0,0,0,-1
DATA,0,0,0,0,1,1,1,1,1,1,1,1,1,2,2,2,0,-1
DATA,2,2,2,1,8,51,37,20,20,29,36,33,29,29,51,49,0,-1
DATA,43,42,39,38,38,38,39,38,52,33,30,29,31,32,20,17,0,-1
DATA,25,48,20,2,3,3,2,2,2,2,1,1,1,1,1,1,0,-1
DATA,1,1,1,1,1,1,1,1,0,0,0,0,0,0,0,0,0,-1
DATA,0,0,0,0,0,0,0,0,0,0,0,0,0,0,0,0,0,-1
DATA,0,0,0,0,0,0,0,0,0,0,0,0,0,0,0,0,0,-1
DATA,0,0,0,0,0,0,0,0,0,0,0,0,0,0,0,0,0,-1
DATA,0,0,0,0,0,0,1,1,1,1,1,1,1,1,1,2,0,-1
DATA,2,2,2,2,2,1,7,51,38,19,19,28,35,32,27,28,0,-1
DATA,49,47,42,40,38,37,37,37,39,38,51,32,29,28,30,31,0,-1
DATA,19,16,25,47,19,1,2,2,2,2,2,2,1,1,1,1,0,-1
DATA,1,1,1,1,1,1,1,1,1,1,0,0,0,0,0,0,0,-1
DATA,0,0,0,0,0,0,0,0,0,0,0,0,0,0,0,0,0,-1
DATA,0,0,0,0,0,0,0,0,0,0,0,0,0,0,0,0,0,-1
DATA,0,0,0,0,0,0,0,0,0,0,0,0,0,0,0,0,0,-1
DATA,0,0,0,0,0,0,0,0,0,0,1,1,1,1,1,1,0,-1
DATA,1,2,2,1,1,1,1,1,7,52,39,17,18,28,34,31,0,-1
DATA,27,28,51,49,44,43,40,39,38,38,40,39,51,31,28,25,0,-1
DATA,29,29,15,16,26,46,18,0,1,1,2,1,2,2,1,1,0,-1
DATA,1,1,1,1,1,1,1,1,1,0,0,0,0,0,0,0,0,-1
DATA,0,0,0,0,0,0,0,0,0,0,0,0,0,0,0,0,0,-1
DATA,0,0,0,0,0,0,0,0,0,0,0,0,0,0,0,0,0,-1
DATA,0,0,0,0,0,0,0,0,0,0,0,0,0,0,0,0,0,-1
DATA,0,0,0,0,0,0,0,0,0,0,0,0,1,1,1,1,0,-1
DATA,1,1,1,1,1,1,1,1,1,1,6,40,29,16,24,34,0,-1
DATA,58,81,83,84,90,88,89,81,73,71,76,77,72,56,52,44,0,-1
DATA,42,34,34,39,26,15,22,44,15,1,1,1,1,1,1,1,0,-1
DATA,1,1,1,1,1,0,0,0,0,0,0,0,0,0,0,0,0,-1
DATA,0,0,0,0,0,0,0,0,0,0,0,0,0,0,0,0,0,-1
DATA,0,0,0,0,0,0,0,0,0,0,0,0,0,0,0,0,0,-1
DATA,0,0,0,0,0,0,0,0,0,0,0,0,0,0,0,0,0,-1
DATA,0,0,0,0,0,0,0,0,0,0,0,0,0,0,1,1,0,-1
DATA,1,1,1,1,1,1,1,1,1,1,1,1,3,6,5,6,0,-1
DATA,10,20,35,71,103,113,118,118,118,114,103,97,104,105,88,60,0,-1
DATA,49,48,43,32,32,32,13,4,6,10,5,1,1,1,1,1,0,-1
DATA,1,1,1,1,1,1,1,0,0,0,0,0,0,0,0,0,0,-1
DATA,0,0,0,0,0,0,0,0,0,0,0,0,0,0,0,0,0,-1
DATA,0,0,0,0,0,0,0,0,0,0,0,0,0,0,0,0,0,-1
DATA,0,0,0,0,0,0,0,0,0,0,0,0,0,0,0,0,0,-1
DATA,0,0,0,0,0,0,0,0,0,0,0,0,0,0,0,0,0,-1
DATA,0,0,0,0,0,1,1,1,1,1,1,1,1,1,1,5,0,-1
DATA,6,7,22,53,93,191,219,215,211,205,197,191,186,180,178,182,0,-1
DATA,147,92,77,76,63,50,67,71,30,5,6,4,1,1,1,1,0,-1
DATA,1,1,1,1,1,1,0,0,0,0,0,0,0,0,0,0,0,-1
DATA,0,0,0,0,0,0,0,0,0,0,0,0,0,0,0,0,0,-1
DATA,0,0,0,0,0,0,0,0,0,0,0,0,0,0,0,0,0,-1
DATA,0,0,0,0,0,0,0,0,0,0,0,0,0,0,0,0,0,-1
DATA,0,0,0,0,0,0,0,0,0,0,0,0,0,0,0,0,0,-1
DATA,0,0,0,0,0,0,0,1,1,1,1,1,1,1,1,1,0,-1
DATA,1,5,8,7,16,49,78,140,202,199,197,194,183,163,147,145,0,-1
DATA,168,174,149,96,78,78,67,54,78,78,25,6,7,5,1,1,0,-1
DATA,1,1,1,1,1,1,1,1,0,0,0,0,0,0,0,0,0,-1
DATA,0,0,0,0,0,0,0,0,0,0,0,0,0,0,0,0,0,-1
DATA,0,0,0,0,0,0,0,0,0,0,0,0,0,0,0,0,0,-1
DATA,0,0,0,0,0,0,0,0,0,0,0,0,0,0,0,0,0,-1
DATA,0,0,0,0,0,0,0,0,0,0,0,0,0,0,0,0,0,-1
DATA,0,0,0,0,0,0,0,0,0,0,0,0,0,1,1,1,0,-1
DATA,1,1,0,4,7,6,6,16,25,46,72,78,75,79,95,75,0,-1
DATA,60,56,65,60,63,63,57,57,55,44,55,42,5,6,6,5,0,-1
DATA,1,1,1,1,1,1,1,1,0,0,0,0,0,0,0,0,0,-1
DATA,0,0,0,0,0,0,0,0,0,0,0,0,0,0,0,0,0,-1
DATA,0,0,0,0,0,0,0,0,0,0,0,0,0,0,0,0,0,-1
DATA,0,0,0,0,0,0,0,0,0,0,0,0,0,0,0,0,0,-1
DATA,0,0,0,0,0,0,0,0,0,0,0,0,0,0,0,0,0,-1
DATA,0,0,0,0,0,0,0,0,0,0,0,0,0,0,0,1,0,-1
DATA,1,0,0,0,0,1,3,2,5,6,10,17,30,50,50,49,0,-1
DATA,55,56,52,46,49,48,43,34,29,26,23,20,14,7,5,5,0,-1
DATA,5,3,0,1,1,1,1,1,1,1,0,0,0,0,0,0,0,-1
DATA,0,0,0,0,0,0,0,0,0,0,0,0,0,0,0,0,0,-1
DATA,0,0,0,0,0,0,0,0,0,0,0,0,0,0,0,0,0,-1
DATA,0,0,0,0,0,0,0,0,0,0,0,0,0,0,0,0,0,-1
DATA,0,0,0,0,0,0,0,0,0,0,0,0,0,0,0,0,0,-1
DATA,0,0,0,0,0,0,0,0,0,0,0,0,0,0,0,0,0,-1
DATA,0,0,0,0,0,0,0,0,1,2,6,7,13,27,47,91,0,-1
DATA,121,135,151,156,153,151,150,155,177,184,183,185,185,189,141,65,0,-1
DATA,40,10,9,3,0,0,0,0,1,1,0,0,0,0,0,0,0,-1
DATA,0,0,0,0,0,0,0,0,0,0,0,0,0,0,0,0,0,-1
DATA,0,0,0,0,0,0,0,0,0,0,0,0,0,0,0,0,0,-1
DATA,0,0,0,0,0,0,0,0,0,0,0,0,0,0,0,0,0,-1
DATA,0,0,0,0,0,0,0,0,0,0,0,0,0,0,0,0,0,-1
DATA,0,0,0,0,0,0,0,0,0,0,0,0,0,0,0,0,0,-1
DATA,0,0,0,0,0,0,0,0,0,0,1,9,16,34,53,65,0,-1
DATA,94,130,145,156,169,166,155,149,137,135,145,140,130,123,114,106,0,-1
DATA,88,51,28,6,7,4,1,0,0,0,0,0,0,0,0,0,0,-1
DATA,0,0,0,0,0,0,0,0,0,0,0,0,0,0,0,0,0,-1
DATA,0,0,0,0,0,0,0,0,0,0,0,0,0,0,0,0,0,-1
DATA,0,0,0,0,0,0,0,0,0,0,0,0,0,0,0,0,0,-1
DATA,0,0,0,0,0,0,0,0,0,0,0,0,0,0,0,0,0,-1
DATA,0,0,0,0,0,0,0,0,0,0,0,0,0,0,0,0,0,-1
DATA,0,0,0,0,0,0,0,0,0,0,0,1,7,13,21,60,0,-1
DATA,61,66,87,83,71,67,63,55,50,49,47,45,33,26,25,27,0,-1
DATA,29,20,16,7,5,4,2,2,1,0,0,0,0,0,0,0,0,-1
DATA,0,0,0,0,0,0,0,0,0,0,0,0,0,0,0,0,0,-1
DATA,0,0,0,0,0,0,0,0,0,0,0,0,0,0,0,0,0,-1
DATA,0,0,0,0,0,0,0,0,0,0,0,0,0,0,0,0,0,-1
DATA,0,0,0,0,0,0,0,0,0,0,0,0,0,0,0,0,0,-1
DATA,0,0,0,0,0,0,0,0,0,0,0,0,0,0,0,0,0,-1
DATA,0,0,0,0,0,0,0,0,0,0,0,0,0,2,6,4,0,-1
DATA,4,6,14,24,45,70,75,78,77,70,62,62,68,69,55,46,0,-1
DATA,47,44,41,43,24,9,8,4,0,1,1,0,0,0,0,0,0,-1
DATA,0,0,0,0,0,0,0,0,0,0,0,0,0,0,0,0,0,-1
DATA,0,0,0,0,0,0,0,0,0,0,0,0,0,0,0,0,0,-1
DATA,0,0,0,0,0,0,0,0,0,0,0,0,0,0,0,0,0,-1
DATA,0,0,0,0,0,0,0,0,0,0,0,0,0,0,0,0,0,-1
DATA,0,0,0,0,0,0,0,0,0,0,0,0,0,0,0,0,0,-1
DATA,0,0,0,0,0,0,0,0,0,0,0,0,0,1,0,0,0,-1
DATA,3,4,6,8,14,30,67,120,134,130,131,130,132,149,162,156,0,-1
DATA,136,116,99,78,70,66,39,18,13,12,3,1,1,0,0,0,0,-1
DATA,0,0,0,0,0,0,0,0,0,0,0,0,0,0,0,0,0,-1
DATA,0,0,0,0,0,0,0,0,0,0,0,0,0,0,0,0,0,-1
DATA,0,0,0,0,0,0,0,0,0,0,0,0,0,0,0,0,0,-1
DATA,0,0,0,0,0,0,0,0,0,0,0,0,0,0,0,0,0,-1
DATA,0,0,0,0,0,0,0,0,0,0,0,0,0,0,0,0,0,-1
DATA,0,0,0,0,0,0,0,0,0,0,0,0,0,0,0,0,0,-1
DATA,0,0,0,5,10,11,26,42,78,120,125,135,163,188,198,218,0,-1
DATA,226,206,177,158,143,127,117,100,72,49,29,15,11,4,0,0,0,-1
DATA,0,0,0,0,0,0,0,0,0,0,0,0,0,0,0,0,0,-1
DATA,0,0,0,0,0,0,0,0,0,0,0,0,0,0,0,0,0,-1
DATA,0,0,0,0,0,0,0,0,0,0,0,0,0,0,0,0,0,-1
DATA,0,0,0,0,0,0,0,0,0,0,0,0,0,0,0,0,0,-1
DATA,0,0,0,0,0,0,0,0,0,0,0,0,0,0,0,0,0,-1
DATA,0,0,0,0,0,0,0,0,0,0,0,0,0,0,0,0,0,-1
DATA,0,0,0,0,4,15,19,55,81,84,117,135,127,124,122,111,0,-1
DATA,97,88,84,79,73,62,56,55,52,45,39,22,10,4,4,3,0,-1
DATA,0,0,0,0,0,0,0,0,0,0,0,0,0,0,0,0,0,-1
DATA,0,0,0,0,0,0,0,0,0,0,0,0,0,0,0,0,0,-1
DATA,0,0,0,0,0,0,0,0,0,0,0,0,0,0,0,0,0,-1
DATA,0,0,0,0,0,0,0,0,0,0,0,0,0,0,0,0,0,-1
DATA,0,0,0,0,0,0,0,0,0,0,0,0,0,0,0,0,0,-1
DATA,0,0,0,0,0,0,0,0,0,0,0,0,0,0,0,0,0,-1
DATA,0,0,0,0,0,2,8,8,8,18,20,27,35,54,59,57,0,-1
DATA,56,53,51,49,51,50,36,31,28,28,30,27,17,8,7,3,0,-1
DATA,0,0,0,0,0,0,0,0,0,0,0,0,0,0,0,0,0,-1
DATA,0,0,0,0,0,0,0,0,0,0,0,0,0,0,0,0,0,-1
DATA,0,0,0,0,0,0,0,0,0,0,0,0,0,0,0,0,0,-1
DATA,0,0,0,0,0,0,0,0,0,0,0,0,0,0,0,0,0,-1
DATA,0,0,0,0,0,0,0,0,0,0,0,0,0,0,0,0,0,-1
DATA,0,0,0,0,0,0,0,0,0,0,0,0,0,0,0,0,0,-1
DATA,0,0,0,0,0,0,0,1,3,3,7,10,14,28,45,84,0,-1
DATA,99,102,106,105,91,89,97,101,86,75,72,64,61,62,37,13,0,-1
DATA,7,4,0,0,0,0,0,0,0,0,0,0,0,0,0,0,0,-1
DATA,0,0,0,0,0,0,0,0,0,0,0,0,0,0,0,0,0,-1
DATA,0,0,0,0,0,0,0,0,0,0,0,0,0,0,0,0,0,-1
DATA,0,0,0,0,0,0,0,0,0,0,0,0,0,0,0,0,0,-1
DATA,0,0,0,0,0,0,0,0,0,0,0,0,0,0,0,0,0,-1
DATA,0,0,0,0,0,0,0,0,0,0,0,0,0,0,0,0,0,-1
DATA,0,0,0,0,0,0,0,0,0,0,2,4,6,5,21,44,0,-1
DATA,79,120,130,135,150,165,170,191,208,205,174,141,118,98,86,68,0,-1
DATA,42,31,22,16,9,1,0,0,0,0,0,0,0,0,0,0,0,-1
DATA,0,0,0,0,0,0,0,0,0,0,0,0,0,0,0,0,0,-1
DATA,0,0,0,0,0,0,0,0,0,0,0,0,0,0,0,0,0,-1
DATA,0,0,0,0,0,0,0,0,0,0,0,0,0,0,0,0,0,-1
DATA,0,0,0,0,0,0,0,0,0,0,0,0,0,0,0,0,0,-1
DATA,0,0,0,0,0,0,0,0,0,0,0,0,0,0,0,0,0,-1
DATA,0,0,0,0,0,0,0,0,0,0,0,0,1,9,19,38,0,-1
DATA,59,65,88,125,144,155,167,173,167,170,166,155,144,127,118,112,0,-1
DATA,107,92,62,42,26,8,8,3,0,0,0,0,0,0,0,0,0,-1
DATA,0,0,0,0,0,0,0,0,0,0,0,0,0,0,0,0,0,-1
DATA,0,0,0,0,0,0,0,0,0,0,0,0,0,0,0,0,0,-1
DATA,0,0,0,0,0,0,0,0,0,0,0,0,0,0,0,0,0,-1
DATA,0,0,0,0,0,0,0,0,0,0,0,0,0,0,0,0,0,-1
DATA,0,0,0,0,0,0,0,0,0,0,0,0,0,0,0,0,0,-1
DATA,0,0,0,0,0,0,0,0,0,0,0,0,0,2,8,13,0,-1
DATA,21,62,64,60,73,68,57,46,41,31,22,27,32,34,32,20,0,-1
DATA,19,17,18,19,15,6,6,4,1,0,0,0,0,0,0,0,0,-1
DATA,0,0,0,0,0,0,0,0,0,0,0,0,0,0,0,0,0,-1
DATA,0,0,0,0,0,0,0,0,0,0,0,0,0,0,0,0,0,-1
DATA,0,0,0,0,0,0,0,0,0,0,0,0,0,0,0,0,0,-1
DATA,0,0,0,0,0,0,0,0,0,0,0,0,0,0,0,0,0,-1
DATA,0,0,0,0,0,0,0,0,0,0,0,0,0,0,0,0,0,-1
DATA,0,0,0,0,0,0,0,0,0,0,0,0,0,0,0,2,0,-1
DATA,4,4,4,0,0,1,2,15,20,22,33,39,37,51,61,61,0,-1
DATA,54,42,41,36,37,41,24,9,5,3,0,0,0,0,0,0,0,-1
DATA,0,0,0,0,0,0,0,0,0,0,0,0,0,0,0,0,0,-1
DATA,0,0,0,0,0,0,0,0,0,0,0,0,0,0,0,0,0,-1
DATA,0,0,0,0,0,0,0,0,0,0,0,0,0,0,0,0,0,-1
DATA,0,0,0,0,0,0,0,0,0,0,0,0,0,0,0,0,0,-1
DATA,0,0,0,0,0,0,0,0,0,0,0,0,0,0,0,0,0,-1
DATA,0,0,0,0,0,0,0,0,0,0,0,0,0,0,0,0,0,-1
DATA,0,0,1,3,4,4,4,21,65,115,125,117,117,119,111,111,0,-1
DATA,119,127,117,102,98,86,77,73,42,18,12,11,3,0,0,0,0,-1
DATA,0,0,0,0,0,0,0,0,0,0,0,0,0,0,0,0,0,-1
DATA,0,0,0,0,0,0,0,0,0,0,0,0,0,0,0,0,0,-1
DATA,0,0,0,0,0,0,0,0,0,0,0,0,0,0,0,0,0,-1
DATA,0,0,0,0,0,0,0,0,0,0,0,0,0,0,0,0,0,-1
DATA,0,0,0,0,0,0,0,0,0,0,0,0,0,0,0,0,0,-1
DATA,0,0,0,0,0,0,0,0,0,0,0,0,0,0,0,0,0,-1
DATA,0,0,0,0,0,3,8,10,31,66,82,136,170,165,162,157,0,-1
DATA,154,148,151,156,153,129,119,111,102,95,70,45,25,12,10,2,0,-1
DATA,0,0,0,0,0,0,0,0,0,0,0,0,0,0,0,0,0,-1
DATA,0,0,0,0,0,0,0,0,0,0,0,0,0,0,0,0,0,-1
DATA,0,0,0,0,0,0,0,0,0,0,0,0,0,0,0,0,0,-1
DATA,0,0,0,0,0,0,0,0,0,0,0,0,0,0,0,0,0,-1
DATA,0,0,0,0,0,0,0,0,0,0,0,0,0,0,0,0,0,-1
DATA,0,0,0,0,0,0,0,0,0,0,0,0,0,0,0,0,0,-1
DATA,0,0,0,0,0,0,2,8,10,18,52,46,49,68,72,64,0,-1
DATA,56,52,43,33,29,26,23,17,12,11,11,8,10,9,5,3,0,-1
DATA,3,2,0,0,0,0,0,0,0,0,0,0,0,0,0,0,0,-1
DATA,0,0,0,0,0,0,0,0,0,0,0,0,0,0,0,0,0,-1
DATA,0,0,0,0,0,0,0,0,0,0,0,0,0,0,0,0,0,-1
DATA,0,0,0,0,0,0,0,0,0,0,0,0,0,0,0,0,0,-1
DATA,0,0,0,0,0,0,0,0,0,0,0,0,0,0,0,0,0,-1
DATA,0,0,0,0,0,0,0,0,0,0,0,0,0,0,0,0,0,-1
DATA,0,0,0,0,0,0,0,0,1,2,2,3,1,0,1,0,0,-1
DATA,0,0,1,0,1,1,2,2,4,4,4,4,4,4,4,3,0,-1
DATA,3,2,1,0,0,0,0,0,0,0,0,0,0,0,0,0,0,-1
DATA,0,0,0,0,0,0,0,0,0,0,0,0,0,0,0,0,0,-1
DATA,0,0,0,0,0,0,0,0,0,0,0,0,0,0,0,0,0,-1
DATA,0,0,0,0,0,0,0,0,0,0,0,0,0,0,0,0,0,-1
DATA,0,0,0,0,0,0,0,0,0,0,0,0,0,0,0,0,0,-1
DATA,0,0,0,0,0,0,0,0,0,0,0,0,0,0,0,0,0,-1
DATA,0,0,0,0,0,0,0,0,0,0,0,0,1,3,5,5,0,-1
DATA,5,6,6,6,6,5,5,5,5,5,6,6,5,5,5,5,0,-1
DATA,4,2,3,0,0,0,0,0,0,0,0,0,0,0,0,0,0,-1
DATA,0,0,0,0,0,0,0,0,0,0,0,0,0,0,0,0,0,-1
DATA,0,0,0,0,0,0,0,0,0,0,0,0,0,0,0,0,0,-1
DATA,0,0,0,0,0,0,0,0,0,0,0,0,0,0,0,0,0,-1
DATA,0,0,0,0,0,0,0,0,0,0,0,0,0,0,0,0,0,-1
DATA,0,0,0,0,0,0,0,0,0,0,0,0,0,0,0,0,0,-1
DATA,0,0,0,0,0,0,0,0,0,0,0,0,0,0,0,2,0,-1
DATA,4,5,5,5,5,6,6,6,6,6,5,5,5,5,5,5,0,-1
DATA,5,5,3,2,1,0,0,0,0,0,0,0,0,0,0,0,0,-1
DATA,0,0,0,0,0,0,0,0,0,0,0,0,0,0,0,0,0,-1
DATA,0,0,0,0,0,0,0,0,0,0,0,0,0,0,0,0,0,-1
DATA,0,0,0,0,0,0,0,0,0,0,0,0,0,0,0,0,0,-1
DATA,0,0,0,0,0,0,0,0,0,0,0,0,0,0,0,0,0,-1
DATA,0,0,0,0,0,0,0,0,0,0,0,0,0,0,0,0,0,-1
DATA,0,0,0,0,0,0,0,0,0,0,0,0,0,0,0,0,0,-1
DATA,0,1,2,3,3,4,4,4,4,5,5,5,4,4,4,4,0,-1
DATA,3,3,4,3,2,0,0,0,0,0,0,0,0,0,0,0,0,-1
DATA,0,0,0,0,0,0,0,0,0,0,0,0,0,0,0,0,0,-1
DATA,0,0,0,0,0,0,0,0,0,0,0,0,0,0,0,0,0,-1
DATA,0,0,0,0,0,0,0,0,0,0,0,0,0,0,0,0,0,-1
DATA,0,0,0,0,0,0,0,0,0,0,0,0,0,0,0,0,0,-1
DATA,0,0,0,0,0,0,0,0,0,0,0,0,0,0,0,0,0,-1
DATA,0,0,0,0,0,0,0,0,0,0,0,0,0,0,0,0,0,-1
DATA,0,0,0,0,0,1,1,2,2,4,4,4,4,4,4,4,0,-1
DATA,4,4,3,2,1,1,0,0,0,0,0,0,0,0,0,0,0,-1
DATA,0,0,0,0,0,0,0,0,0,0,0,0,0,0,0,0,0,-1
DATA,0,0,0,0,0,0,0,0,0,0,0,0,0,0,0,0,0,-1
DATA,0,0,0,0,0,0,0,0,0,0,0,0,0,0,0,0,0,-1
DATA,0,0,0,0,0,0,0,0,0,0,0,0,0,0,0,0,0,-1
DATA,0,0,0,0,0,0,0,0,0,0,0,0,0,0,0,0,0,-1
DATA,0,0,0,0,0,0,0,0,0,0,0,0,0,0,0,0,0,-1
DATA,0,0,0,0,0,0,0,0,0,1,2,3,4,4,4,4,0,-1
DATA,4,4,4,4,2,1,0,0,0,0,0,0,0,0,0,0,0,-1
DATA,0,0,0,0,0,0,0,0,0,0,0,0,0,0,0,0,0,-1
DATA,0,0,0,0,0,0,0,0,0,0,0,0,0,0,0,0,0,-1
DATA,0,0,0,0,0,0,0,0,0,0,0,0,0,0,0,0,0,-1
DATA,0,0,0,0,0,0,0,0,0,0,0,0,0,0,0,0,0,-1
DATA,0,0,0,0,0,0,0,0,0,0,0,0,0,0,0,0,0,-1
DATA,0,0,0,0,0,0,0,0,0,0,0,0,0,0,0,0,0,-1
DATA,0,0,0,0,0,0,0,0,0,0,0,0,1,2,5,7,0,-1
DATA,9,9,8,6,4,3,1,0,0,0,0,0,0,0,0,0,0,-1
DATA,0,0,0,0,0,0,0,0,0,0,0,0,0,0,0,0,0,-1
DATA,0,0,0,0,0,0,0,0,0,0,0,0,0,0,0,0,0,-1
DATA,0,0,0,0,0,0,0,0,0,0,0,0,0,0,0,0,0,-1
DATA,0,0,0,0,0,0,0,0,0,0,0,0,0,0,0,0,0,-1
DATA,0,0,0,0,0,0,0,0,0,0,0,0,0,0,0,0,0,-1
DATA,0,0,0,0,0,0,0,0,0,0,0,0,0,0,0,0,0,-1
DATA,0,0,0,0,0,0,0,0,0,0,0,0,0,0,0,1,0,-1
DATA,4,6,10,9,9,6,4,2,0,0,0,0,0,0,0,0,0,-1
DATA,0,0,0,0,0,0,0,0,0,0,0,0,0,0,0,0,0,-1
DATA,0,0,0,0,0,0,0,0,0,0,0,0,0,0,0,0,0,-1
DATA,0,0,0,0,0,0,0,0,0,0,0,0,0,0,0,0,0,-1
DATA,0,0,0,0, , , , , , , , , , , , ,1,-1
